"","Batch","Treatment","wellID","Image_ID","ind_type","Measurement"
"42","1","DMSO","1","12","MKO2",1162.64744647835
"43","1","DMSO","1","2","MKO2",190.241472741036
"44","1","DMSO","1","3","MKO2",112.69356539171
"45","1","DMSO","1","5","MKO2",992.433487806675
"46","1","DMSO","1","8","MKO2",326.890157106159
"36","1","DMSO","1","2","GFP",598.484093037109
"37","1","DMSO","1","3","GFP",84.8229831801478
"38","1","DMSO","1","4","GFP",407.402388733486
"39","1","DMSO","1","5","GFP",108.361157822448
"40","1","DMSO","1","6","GFP",846.410462361941
"41","1","DMSO","1","8","GFP",176.965667881676
"1","1","DMSO","2","14","MKO2",559.199831839258
"49","1","DMSO","2","10","MKO2",541.602458883382
"50","1","DMSO","2","12","MKO2",867.764605482189
"51","1","DMSO","2","16","MKO2",666.189740025947
"52","1","DMSO","2","4","MKO2",380.056486800415
"53","1","DMSO","2","5","MKO2",503.42488119832
"54","1","DMSO","2","8","MKO2",710.698909840622
"55","1","DMSO","2","9","MKO2",304.350915142098
"2","1","DMSO","2","7","GFP",769.438195560368
"47","1","DMSO","2","2","GFP",228.352768719097
"48","1","DMSO","2","6","GFP",321.832910479728
"3","1","DMSO","3","25","MKO2",180.391560247404
"4","1","DMSO","3","7","MKO2",211.160184893688
"64","1","DMSO","3","13","MKO2",494.704612361019
"65","1","DMSO","3","16","MKO2",749.165905343423
"66","1","DMSO","3","19","MKO2",415.309880790178
"67","1","DMSO","3","22","MKO2",606.071542970309
"68","1","DMSO","3","23","MKO2",536.689917336849
"69","1","DMSO","3","24","MKO2",242.769040392903
"70","1","DMSO","3","6","MKO2",540.651314351134
"71","1","DMSO","3","8","MKO2",319.692187673265
"5","1","DMSO","3","20","GFP",248.449733416389
"6","1","DMSO","3","24","GFP",173.124141165896
"7","1","DMSO","3","16","GFP",282.139370063415
"8","1","DMSO","3","17","GFP",360.869196895219
"9","1","DMSO","3","1","GFP",174.219985192689
"10","1","DMSO","3","13","GFP",201.094802483577
"11","1","DMSO","3","14","GFP",316.460106081244
"56","1","DMSO","3","15","GFP",550.278102030125
"57","1","DMSO","3","2","GFP",147.252746556459
"58","1","DMSO","3","21","GFP",481.001029995334
"59","1","DMSO","3","23","GFP",540.948381194584
"60","1","DMSO","3","4","GFP",462.426370657479
"61","1","DMSO","3","5","GFP",379.551600793252
"62","1","DMSO","3","7","GFP",472.737851238837
"63","1","DMSO","3","8","GFP",629.81304710319
"12","1","DMSO","4","12","MKO2",516.306705987644
"13","1","DMSO","4","13","MKO2",449.202844230321
"14","1","DMSO","4","6","MKO2",408.105567252041
"15","1","DMSO","4","7","MKO2",384.34426482653
"77","1","DMSO","4","1","MKO2",298.250110146868
"78","1","DMSO","4","15","MKO2",912.269291488106
"79","1","DMSO","4","17","MKO2",931.73066145495
"80","1","DMSO","4","2","MKO2",991.243907277654
"81","1","DMSO","4","4","MKO2",581.797706994156
"16","1","DMSO","4","3","GFP",207.623383259373
"17","1","DMSO","4","4","GFP",128.938178338744
"18","1","DMSO","4","5","GFP",155.274315695596
"19","1","DMSO","4","6","GFP",250.969114378446
"20","1","DMSO","4","7","GFP",314.799445311239
"72","1","DMSO","4","10","GFP",426.281776514209
"73","1","DMSO","4","12","GFP",873.582337002203
"74","1","DMSO","4","13","GFP",491.854366930758
"75","1","DMSO","4","15","GFP",438.974275946116
"76","1","DMSO","4","9","GFP",625.537413360202
"21","1","DMSO","5","3","MKO2",658.197481345284
"22","1","DMSO","5","7","MKO2",273.92398322567
"86","1","DMSO","5","10","MKO2",563.769378784241
"87","1","DMSO","5","11","MKO2",452.179309334912
"88","1","DMSO","5","12","MKO2",646.337556128974
"89","1","DMSO","5","4","MKO2",678.536068300443
"90","1","DMSO","5","8","MKO2",303.938456226517
"91","1","DMSO","5","9","MKO2",366.226689088084
"23","1","DMSO","5","3","GFP",363.242566586146
"24","1","DMSO","5","7a","GFP",237.834843155809
"25","1","DMSO","5","7b","GFP",151.372852053956
"82","1","DMSO","5","1","GFP",253.065208104075
"83","1","DMSO","5","2","GFP",359.511949010597
"84","1","DMSO","5","5","GFP",299.806210550909
"85","1","DMSO","5","8","GFP",91.1469200508219
"26","1","DMSO","6","11","MKO2",681.66805981111
"27","1","DMSO","6","2","MKO2",445.56913388039
"28","1","DMSO","6","6","MKO2",1384.92104977652
"94","1","DMSO","6","1","MKO2",488.707054782661
"95","1","DMSO","6","10","MKO2",772.964161723992
"96","1","DMSO","6","4","MKO2",459.257402492941
"97","1","DMSO","6","5","MKO2",632.586182769767
"98","1","DMSO","6","8","MKO2",756.921035762176
"29","1","DMSO","6","1","GFP",693.903467624382
"30","1","DMSO","6","3","GFP",323.04414040225
"31","1","DMSO","6","7","GFP",469.884424724985
"92","1","DMSO","6","2","GFP",146.000055770617
"93","1","DMSO","6","6","GFP",206.021343400761
"32","1","DMSO","7","13","MKO2",591.975298367361
"33","1","DMSO","7","14","MKO2",79.5024666426559
"102","1","DMSO","7","15","MKO2",404.504346162485
"103","1","DMSO","7","16","MKO2",119.322225538259
"104","1","DMSO","7","7","MKO2",429.409290438368
"105","1","DMSO","7","8","MKO2",623.193363642173
"106","1","DMSO","7","9","MKO2",237.351617752164
"34","1","DMSO","7","2","GFP",96.5643436519081
"99","1","DMSO","7","4","GFP",380.07496746922
"100","1","DMSO","7","8","GFP",143.391423359413
"101","1","DMSO","7","9","GFP",251.638502334121
"35","1","DMSO","8","14","GFP",181.554999714508
"107","1","DMSO","8","10","GFP",412.273471937813
"108","1","DMSO","8","11","GFP",230.336641462471
"109","1","DMSO","8","13","GFP",415.837728092125
"110","1","DMSO","8","2","GFP",35.0194375287441
"111","1","DMSO","8","6","GFP",228.17426595686
"266","1","IGF1","4","5","MKO2",835.717148789486
"267","1","IGF1","4","7","MKO2",1013.93867890719
"268","1","IGF1","4","8","MKO2",729.815433190485
"269","1","IGF1","4","4","MKO2",670.863846362446
"262","1","IGF1","4","1","GFP",321.131041096676
"263","1","IGF1","4","4a","GFP",314.836416800483
"264","1","IGF1","4","4b","GFP",712.322613267283
"265","1","IGF1","4","5","GFP",281.091326074022
"274","1","IGF1","6","1","MKO2",1476.23117249299
"275","1","IGF1","6","12","MKO2",1058.19858044387
"276","1","IGF1","6","19","MKO2",760.587229423228
"277","1","IGF1","6","2","MKO2",426.15555600057
"278","1","IGF1","6","30","MKO2",738.858909869923
"270","1","IGF1","6","11","GFP",459.238917926681
"271","1","IGF1","6","14","GFP",766.733977189342
"272","1","IGF1","6","16","GFP",132.921238239754
"273","1","IGF1","6","19","GFP",269.409904408899
"293","1","IGF1","7","10","MKO2",515.180241128482
"294","1","IGF1","7","13","MKO2",906.023777990332
"295","1","IGF1","7","14","MKO2",1129.31481497514
"296","1","IGF1","7","17","MKO2",498.579935016466
"297","1","IGF1","7","18","MKO2",280.534161770869
"298","1","IGF1","7","21","MKO2",1112.03746694669
"299","1","IGF1","7","22","MKO2",1244.74323329169
"300","1","IGF1","7","23","MKO2",420.701163266964
"301","1","IGF1","7","24","MKO2",729.489053898169
"302","1","IGF1","7","7","MKO2",1204.54667152324
"303","1","IGF1","7","8","MKO2",395.405415784268
"304","1","IGF1","7","9","MKO2",679.313189606212
"279","1","IGF1","7","11","GFP",938.824072657006
"280","1","IGF1","7","14","GFP",848.097268387479
"281","1","IGF1","7","15","GFP",277.717714022947
"282","1","IGF1","7","16","GFP",604.287834737151
"283","1","IGF1","7","17","GFP",366.883932780576
"284","1","IGF1","7","20","GFP",628.238468602705
"285","1","IGF1","7","22","GFP",713.615444635826
"286","1","IGF1","7","23","GFP",744.713620160885
"287","1","IGF1","7","4","GFP",391.243854419205
"288","1","IGF1","7","5","GFP",794.510822911926
"289","1","IGF1","7","6","GFP",570.899749535164
"290","1","IGF1","7","7","GFP",1187.50907872135
"291","1","IGF1","7","8","GFP",246.247219857334
"292","1","IGF1","7","9","GFP",576.621896412126
"408","1","RAPA","1","3","MKO2",697.467738329764
"433","1","RAPA","1","1","MKO2",667.905864984807
"434","1","RAPA","1","2","MKO2",221.54560581031
"435","1","RAPA","1","4","MKO2",1423.55889684506
"436","1","RAPA","1","5a","MKO2",431.34219459082
"437","1","RAPA","1","6","MKO2",687.49477870662
"438","1","RAPA","1","7","MKO2",483.977501106224
"409","1","RAPA","1","1","GFP",294.311677234601
"410","1","RAPA","1","10","GFP",391.822674738798
"411","1","RAPA","1","11","GFP",215.481766524952
"412","1","RAPA","1","14","GFP",594.791758251759
"413","1","RAPA","1","15","GFP",630.356218417757
"414","1","RAPA","1","16","GFP",288.106304319526
"415","1","RAPA","1","17","GFP",216.432905485099
"416","1","RAPA","1","18a","GFP",406.640580543797
"417","1","RAPA","1","18b","GFP",178.757038404411
"418","1","RAPA","1","19","GFP",720.682705129929
"419","1","RAPA","1","20","GFP",480.246883530675
"420","1","RAPA","1","23","GFP",335.539659128601
"421","1","RAPA","1","24","GFP",279.352237799885
"422","1","RAPA","1","27","GFP",266.147199755385
"423","1","RAPA","1","2a","GFP",179.046448564208
"424","1","RAPA","1","2b","GFP",267.046056466933
"425","1","RAPA","1","3","GFP",506.709241868276
"426","1","RAPA","1","4","GFP",115.034443659557
"427","1","RAPA","1","5a","GFP",384.807696493294
"428","1","RAPA","1","5b","GFP",838.028714482854
"429","1","RAPA","1","6","GFP",228.419050426097
"430","1","RAPA","1","7","GFP",195.246437118868
"431","1","RAPA","1","8","GFP",159.131155550078
"432","1","RAPA","1","9","GFP",585.108208788411
"439","1","RAPA","2","10","MKO2",688.609107312925
"456","1","RAPA","2","2","MKO2",197.668910209795
"457","1","RAPA","2","3","MKO2",575.329065043583
"458","1","RAPA","2","6","MKO2",378.165036888342
"459","1","RAPA","2","8","MKO2",592.55413082343
"460","1","RAPA","2","9","MKO2",179.277233575044
"440","1","RAPA","2","10","GFP",738.591155726567
"441","1","RAPA","2","11","GFP",475.728316641138
"442","1","RAPA","2","12","GFP",572.832653687617
"443","1","RAPA","2","15","GFP",732.832039717085
"444","1","RAPA","2","16","GFP",486.667728340508
"445","1","RAPA","2","18","GFP",298.205484456309
"446","1","RAPA","2","1a","GFP",44.1336810230405
"447","1","RAPA","2","1b","GFP",132.616514963879
"448","1","RAPA","2","2","GFP",263.293782874943
"449","1","RAPA","2","3","GFP",947.867549336444
"450","1","RAPA","2","4","GFP",371.223996907877
"451","1","RAPA","2","5","GFP",445.29821281679
"452","1","RAPA","2","6a","GFP",116.684280552575
"453","1","RAPA","2","6b","GFP",400.739930904597
"454","1","RAPA","2","7","GFP",442.875739725863
"455","1","RAPA","2","8","GFP",202.135194850734
"470","1","RAPA","3","2","MKO2",218.996912205744
"471","1","RAPA","3","4","MKO2",117.509198999083
"472","1","RAPA","3","5","MKO2",1137.62262458919
"461","1","RAPA","3","11","GFP",325.477448124339
"462","1","RAPA","3","13","GFP",456.548690692398
"463","1","RAPA","3","14","GFP",530.823065379989
"464","1","RAPA","3","4","GFP",452.781103984329
"465","1","RAPA","3","6","GFP",789.078086194761
"466","1","RAPA","3","7","GFP",350.973354385713
"467","1","RAPA","3","9","GFP",453.889089690273
"468","1","RAPA","3","2","GFP",510.692300471102
"469","1","RAPA","3","5","GFP",151.506730752822
"476","1","RAPA","4","1","MKO2",326.443900200565
"477","1","RAPA","4","2","MKO2",351.93980646194
"478","1","RAPA","4","3","MKO2",156.530179696913
"479","1","RAPA","4","5","MKO2",312.161502682279
"473","1","RAPA","4","1","GFP",1043.75299327942
"474","1","RAPA","4","3","GFP",327.53657279043
"475","1","RAPA","4","5","GFP",623.051830012455
"488","1","RAPA","5","1","MKO2",716.639707720464
"489","1","RAPA","5","10","MKO2",441.128994893687
"490","1","RAPA","5","11","MKO2",580.601783564768
"491","1","RAPA","5","2","MKO2",585.071239655892
"492","1","RAPA","5","4","MKO2",500.887015601975
"493","1","RAPA","5","5","MKO2",696.713586698113
"494","1","RAPA","5","6","MKO2",523.38797135319
"495","1","RAPA","5","8","MKO2",551.013769095515
"496","1","RAPA","5","3","MKO2",1056.7903565699
"480","1","RAPA","5","12","GFP",776.90392414098
"481","1","RAPA","5","13","GFP",405.299952054
"482","1","RAPA","5","15","GFP",595.028886162952
"483","1","RAPA","5","17","GFP",301.363624558
"484","1","RAPA","5","18","GFP",778.222896633824
"485","1","RAPA","5","20","GFP",430.617355533649
"486","1","RAPA","5","24","GFP",448.096175998452
"487","1","RAPA","5","6","GFP",507.95744754626
"623","1","DHPG","1","10","MKO2",274.165599209636
"624","1","DHPG","1","12","MKO2",238.124255905885
"625","1","DHPG","1","16","MKO2",717.383031343894
"626","1","DHPG","1","19","MKO2",213.816616515856
"627","1","DHPG","1","5","MKO2",309.723716475273
"628","1","DHPG","1","6","MKO2",293.813138080409
"629","1","DHPG","1","8","MKO2",544.689832224841
"630","1","DHPG","1","9","MKO2",170.560136187923
"619","1","DHPG","1","3","GFP",269.446873541419
"620","1","DHPG","1","4","GFP",421.473799464874
"621","1","DHPG","1","5","GFP",276.298662140766
"622","1","DHPG","1","7","GFP",333.957417600262
"633","1","DHPG","2","2","MKO2",240.383539350654
"636","1","DHPG","2","14","MKO2",275.399805429218
"637","1","DHPG","2","3","MKO2",199.623470378688
"638","1","DHPG","2","4","MKO2",499.515760860535
"631","1","DHPG","2","5","GFP",149.299729556651
"632","1","DHPG","2","8","GFP",199.891224522044
"634","1","DHPG","2","10","GFP",429.796922195
"635","1","DHPG","2","2","GFP",495.154040716794
"645","1","DHPG","3","12","MKO2",441.262871965366
"646","1","DHPG","3","13","MKO2",505.579600145892
"647","1","DHPG","3","14","MKO2",135.39599357928
"648","1","DHPG","3","4","MKO2",665.587956391077
"649","1","DHPG","3","5","MKO2",606.777903192756
"651","1","DHPG","3","10","MKO2",777.4552896786
"652","1","DHPG","3","6","MKO2",574.734931607911
"639","1","DHPG","3","10","GFP",103.426960259475
"640","1","DHPG","3","12","GFP",215.429484276353
"641","1","DHPG","3","13","GFP",314.605631789647
"642","1","DHPG","3","2","GFP",111.303826084008
"643","1","DHPG","3","7","GFP",156.871872105309
"644","1","DHPG","3","8","GFP",425.404575819101
"650","1","DHPG","3","9","GFP",166.235385176701
"658","1","DHPG","4","10","MKO2",689.360087494395
"659","1","DHPG","4","15","MKO2",502.636931884331
"660","1","DHPG","4","16","MKO2",128.11326119042
"662","1","DHPG","4","13","MKO2",527.738863488711
"663","1","DHPG","4","19","MKO2",1120.64999983662
"653","1","DHPG","4","1","GFP",182.48765597996
"654","1","DHPG","4","11","GFP",121.403006220791
"655","1","DHPG","4","2","GFP",353.084761300403
"656","1","DHPG","4","5","GFP",488.74850902304
"657","1","DHPG","4","6","GFP",149.336698689171
"661","1","DHPG","4","8","GFP",164.317794140328
"765","1","TG003","1","1","MKO2",340.972395845767
"766","1","TG003","1","10","MKO2",306.097663396921
"767","1","TG003","1","11","MKO2",128.938179636928
"768","1","TG003","1","12","MKO2",738.086273672013
"769","1","TG003","1","15","MKO2",456.400814162319
"770","1","TG003","1","17","MKO2",742.469649832195
"771","1","TG003","1","18","MKO2",395.694825944065
"772","1","TG003","1","19","MKO2",481.518058882777
"773","1","TG003","1","5","MKO2",828.345165019507
"775","1","TG003","1","7","MKO2",830.724326077553
"760","1","TG003","1","1","GFP",408.662736077368
"761","1","TG003","1","10","GFP",534.495057806578
"762","1","TG003","1","12","GFP",259.957139956388
"763","1","TG003","1","20","GFP",770.240152654417
"764","1","TG003","1","31","GFP",565.876300591072
"774","1","TG003","1","28","GFP",359.364072480518
"782","1","TG003","2","14","MKO2",1322.42184626251
"783","1","TG003","2","18","MKO2",414.117128810973
"784","1","TG003","2","27","MKO2",586.66879430031
"785","1","TG003","2","28","MKO2",819.197123842872
"786","1","TG003","2","29","MKO2",975.318015766712
"787","1","TG003","2","7","MKO2",226.873778030278
"790","1","TG003","2","11","MKO2",949.301914334704
"776","1","TG003","2","11","GFP",257.676200495179
"777","1","TG003","2","12","GFP",460.510093278783
"778","1","TG003","2","16","GFP",348.649102891622
"779","1","TG003","2","16b","GFP",403.765507646915
"780","1","TG003","2","3","GFP",679.818071660766
"781","1","TG003","2","38","GFP",140.991919942604
"788","1","TG003","2","1","GFP",625.126267794626
"789","1","TG003","2","5","GFP",535.809545191561
"799","1","TG003","3","10","MKO2",268.012508543159
"800","1","TG003","3","11","MKO2",309.277459569679
"801","1","TG003","3","12","MKO2",490.167560905221
"802","1","TG003","3","13","MKO2",721.046053554766
"803","1","TG003","3","15","MKO2",627.167452029282
"804","1","TG003","3","20","MKO2",804.311622673195
"805","1","TG003","3","6","MKO2",117.813922274959
"806","1","TG003","3","9","MKO2",498.266241524873
"807","1","TG003","3","17","MKO2",643.650507843377
"808","1","TG003","3","19","MKO2",819.569442483426
"791","1","TG003","3","1","GFP",315.230391457477
"792","1","TG003","3","14","GFP",433.259785627193
"793","1","TG003","3","15","GFP",528.720628681017
"794","1","TG003","3","16","GFP",508.128293750458
"795","1","TG003","3","17","GFP",705.775547943812
"796","1","TG003","3","18","GFP",285.163636057966
"797","1","TG003","3","19","GFP",787.511157782502
"798","1","TG003","3","3","GFP",58.3421402762874
"815","1","TG003","4","11","MKO2",641.295630117127
"816","1","TG003","4","12","MKO2",726.715918183128
"817","1","TG003","4","13","MKO2",649.572813499017
"818","1","TG003","4","16","MKO2",1199.67372642458
"819","1","TG003","4","5","MKO2",421.273640686196
"820","1","TG003","4","6","MKO2",604.740434543106
"821","1","TG003","4","7","MKO2",231.272467306539
"809","1","TG003","4","10","GFP",454.594130523505
"810","1","TG003","4","12","GFP",336.921741878263
"811","1","TG003","4","14","GFP",501.722762056704
"812","1","TG003","4","15","GFP",281.700772625773
"813","1","TG003","4","16","GFP",314.442442143488
"814","1","TG003","4","6","GFP",581.088181053065
"932","1","BDNF","1","14","MKO2",536.366709494714
"933","1","BDNF","1","15","MKO2",214.961571354319
"934","1","BDNF","1","17","MKO2",1036.2547889958
"935","1","BDNF","1","2","MKO2",565.103664393162
"936","1","BDNF","1","22","MKO2",755.058898424583
"926","1","BDNF","1","10","GFP",431.483728220538
"927","1","BDNF","1","11","GFP",273.734655420121
"928","1","BDNF","1","12","GFP",606.116174392405
"929","1","BDNF","1","20","GFP",315.556770749794
"930","1","BDNF","1","21","GFP",638.605402882844
"931","1","BDNF","1","23","GFP",889.571348408393
"942","1","BDNF","3","13","MKO2",1036.52254313916
"943","1","BDNF","3","14","MKO2",412.467291917956
"944","1","BDNF","3","15","MKO2",353.983618011952
"945","1","BDNF","3","9","MKO2",1262.8761259988
"937","1","BDNF","3","1","GFP",310.280880778425
"938","1","BDNF","3","14","GFP",481.881407307614
"939","1","BDNF","3","25","GFP",287.028944845741
"940","1","BDNF","3","6","GFP",554.752043229103
"941","1","BDNF","3","8","GFP",276.929764708958
"951","1","BDNF","4","12","MKO2",402.583583675931
"952","1","BDNF","4","16A","MKO2",774.632499030317
"953","1","BDNF","4","16B","MKO2",789.80741035979
"954","1","BDNF","4","1A","MKO2",789.755128111191
"955","1","BDNF","4","1B","MKO2",680.910744250629
"956","1","BDNF","4","4","MKO2",970.771449960371
"957","1","BDNF","4","6","MKO2",444.079319713287
"958","1","BDNF","4","7A","MKO2",308.467854239249
"959","1","BDNF","4","8","MKO2",426.481935292887
"960","1","BDNF","4","17","MKO2",618.496293990398
"946","1","BDNF","4","11","GFP",707.588574482988
"947","1","BDNF","4","12","GFP",133.493715658986
"948","1","BDNF","4","18","GFP",818.685898887956
"949","1","BDNF","4","3","GFP",520.234316304732
"950","1","BDNF","4","8","GFP",1207.83365950855
"965","1","BDNF","5","12","MKO2",399.425443519613
"966","1","BDNF","5","13","MKO2",780.480866420917
"967","1","BDNF","5","15","MKO2",316.827946101896
"968","1","BDNF","5","9","MKO2",805.902834417252
"961","1","BDNF","5","10","GFP",351.434924407385
"962","1","BDNF","5","13","GFP",558.036403899058
"963","1","BDNF","5","15","GFP",320.186245036891
"964","1","BDNF","5","9","GFP",420.202624112772
"974","1","BDNF","6","10a","MKO2",487.551271935977
"975","1","BDNF","6","10b","MKO2",360.426118838225
"976","1","BDNF","6","12","MKO2",891.606189742689
"977","1","BDNF","6","13","MKO2",887.207500466427
"969","1","BDNF","6","13","GFP",264.891337519362
"970","1","BDNF","6","15","GFP",403.854759028033
"971","1","BDNF","6","2","GFP",419.645459809619
"972","1","BDNF","6","3","GFP",485.685963148203
"973","1","BDNF","6","6","GFP",527.486422461434
"1091","1","EFT508","1","10","MKO2",790.854143601417
"1092","1","EFT508","1","2","MKO2",504.055983766513
"1093","1","EFT508","1","7","MKO2",207.983562241335
"1094","1","EFT508","1","8","MKO2",567.169131959615
"1085","1","EFT508","1","11","GFP",1023.93329454677
"1086","1","EFT508","1","18","GFP",456.117746902883
"1087","1","EFT508","1","4","GFP",861.086834537222
"1088","1","EFT508","1","5","GFP",659.650337619358
"1089","1","EFT508","1","7","GFP",410.72820364382
"1090","1","EFT508","1","7B","GFP",416.881294310296
"1099","1","EFT508","2","18","MKO2",617.954442803324
"1100","1","EFT508","2","31","MKO2",845.533261666834
"1101","1","EFT508","2","32","MKO2",645.709632509467
"1095","1","EFT508","2","12","GFP",260.56658650814
"1096","1","EFT508","2","13","GFP",420.864352913122
"1097","1","EFT508","2","5A","GFP",1004.73835548195
"1098","1","EFT508","2","6","GFP",525.168513867705
"1108","1","EFT508","3","20","MKO2",351.003980617872
"1109","1","EFT508","3","21","MKO2",561.410015950133
"1110","1","EFT508","3","23","MKO2",481.354869236619
"1111","1","EFT508","3","24","MKO2",961.229434126741
"1102","1","EFT508","3","10","GFP",288.626499490159
"1103","1","EFT508","3","13","GFP",715.927010329193
"1104","1","EFT508","3","14","GFP",412.430322785437
"1105","1","EFT508","3","15","GFP",539.035280712557
"1106","1","EFT508","3","16","GFP",162.110792944158
"1107","1","EFT508","3","3","GFP",961.103213613103
"1118","1","EFT508","4","14","MKO2",209.544147753233
"1119","1","EFT508","4","17","MKO2",429.670701681362
"1120","1","EFT508","4","18","MKO2",606.420897668281
"1121","1","EFT508","4","2","MKO2",485.285645590846
"1122","1","EFT508","4","7","MKO2",397.44922733428
"1112","1","EFT508","4","1","GFP",322.3346210841
"1113","1","EFT508","4","14","GFP",913.380448644231
"1114","1","EFT508","4","16","GFP",601.39744872419
"1115","1","EFT508","4","17","GFP",289.897674842261
"1116","1","EFT508","4","3","GFP",152.153146437093
"1117","1","EFT508","4","7","GFP",179.187982193925
"1127","1","EFT508","5","11","MKO2",365.554132279514
"1128","1","EFT508","5","2","MKO2",596.410968912617
"1129","1","EFT508","5","8","MKO2",502.815434646569
"1123","1","EFT508","5","15","GFP",428.978346648854
"1124","1","EFT508","5","18","GFP",320.617188826406
"1125","1","EFT508","5","19","GFP",942.108433326962
"1126","1","EFT508","5","2","GFP",726.358912658654
"1135","1","EFT508","6","11","MKO2",320.447656279885
"1136","1","EFT508","6","12","MKO2",684.604392693659
"1137","1","EFT508","6","15","MKO2",299.676818587089
"1138","1","EFT508","6","17","MKO2",246.856666409085
"1139","1","EFT508","6","5","MKO2",203.406370202836
"1130","1","EFT508","6","20","GFP",656.907828136474
"1131","1","EFT508","6","28","GFP",569.576291934463
"1132","1","EFT508","6","3","GFP",477.556656296392
"1133","1","EFT508","6","30","GFP",722.806797845343
"1134","1","EFT508","6","6","GFP",562.078087650845
"112","2","DMSO","9","1","MKO2",356.727709417426
"113","2","DMSO","9","2","MKO2",297.321280702703
"114","2","DMSO","9","4","MKO2",503.935829416975
"115","2","DMSO","9","8","MKO2",160.065394050135
"146","2","DMSO","9","3","MKO2",258.623511176307
"147","2","DMSO","9","5","MKO2",294.263223265022
"148","2","DMSO","9","9","MKO2",282.873454313627
"116","2","DMSO","9","10","GFP",355.665659570482
"117","2","DMSO","9","11","GFP",176.536964793916
"118","2","DMSO","9","2","GFP",364.827703582474
"119","2","DMSO","9","3","GFP",125.599949076092
"120","2","DMSO","9","4","GFP",177.876662612357
"121","2","DMSO","9","5","GFP",242.824494425908
"122","2","DMSO","9","8","GFP",193.786583852201
"123","2","DMSO","9","9","GFP",299.450515833158
"142","2","DMSO","9","12","GFP",470.811017919333
"143","2","DMSO","9","13","GFP",548.628265137105
"144","2","DMSO","9","14","GFP",226.242018633247
"145","2","DMSO","9","7","GFP",412.859024021021
"124","2","DMSO","10","3","MKO2",130.938948537006
"125","2","DMSO","10","4","MKO2",322.165357411215
"126","2","DMSO","10","6","MKO2",862.317203382102
"127","2","DMSO","10","7","MKO2",683.474086742281
"128","2","DMSO","10","9a","MKO2",680.438332270624
"154","2","DMSO","10","10","MKO2",329.398053299185
"155","2","DMSO","10","5","MKO2",881.959337344448
"156","2","DMSO","10","8","MKO2",267.700785538083
"157","2","DMSO","10","9","MKO2",752.329451109523
"129","2","DMSO","10","13","GFP",417.169771490554
"130","2","DMSO","10","15","GFP",450.907205159681
"131","2","DMSO","10","16","GFP",433.333715008173
"132","2","DMSO","10","17","GFP",667.627003915933
"133","2","DMSO","10","2","GFP",160.05997838345
"134","2","DMSO","10","4","GFP",445.628411252005
"135","2","DMSO","10","5","GFP",1425.94412873606
"149","2","DMSO","10","1","GFP",201.182468098886
"150","2","DMSO","10","10","GFP",859.377715666405
"151","2","DMSO","10","3","GFP",153.098869872245
"152","2","DMSO","10","6","GFP",92.7036763438475
"153","2","DMSO","10","9","GFP",464.52246445609
"136","2","DMSO","11","4","MKO2",394.388919815941
"165","2","DMSO","11","2","MKO2",143.640692936509
"166","2","DMSO","11","3","MKO2",115.809322411397
"167","2","DMSO","11","5","MKO2",215.494834758334
"168","2","DMSO","11","7","MKO2",334.519992460346
"137","2","DMSO","11","11","GFP",272.073984940915
"138","2","DMSO","11","5","GFP",320.865522928976
"139","2","DMSO","11","7","GFP",342.864767624795
"140","2","DMSO","11","8","GFP",114.419580757904
"158","2","DMSO","11","1","GFP",392.595038869295
"159","2","DMSO","11","10","GFP",544.96365135679
"160","2","DMSO","11","2","GFP",276.991289240687
"161","2","DMSO","11","3","GFP",464.602473554077
"162","2","DMSO","11","4","GFP",121.932443674553
"163","2","DMSO","11","6","GFP",232.91305947454
"164","2","DMSO","11","9","GFP",851.941027152219
"141","2","DMSO","12","15","MKO2",405.665538775287
"176","2","DMSO","12","10","MKO2",333.395764460871
"177","2","DMSO","12","13","MKO2",237.844085353241
"178","2","DMSO","12","17","MKO2",103.283839862014
"179","2","DMSO","12","4","MKO2",196.586134630249
"180","2","DMSO","12","5","MKO2",294.210941016423
"169","2","DMSO","12","10","GFP",227.897267186144
"170","2","DMSO","12","13","GFP",290.131631303278
"171","2","DMSO","12","14","GFP",298.549419418634
"172","2","DMSO","12","15","GFP",302.367042413729
"173","2","DMSO","12","6","GFP",131.108210355507
"174","2","DMSO","12","7","GFP",213.731848036585
"175","2","DMSO","12","9","GFP",410.535040543855
"315","2","IGF1","8","10","MKO2",1196.25100357509
"316","2","IGF1","8","3","MKO2",384.599881156576
"317","2","IGF1","8","6","MKO2",325.418822975378
"318","2","IGF1","8","8","MKO2",284.364858735757
"319","2","IGF1","8","4","MKO2",682.211232177211
"305","2","IGF1","8","7","GFP",397.827888875196
"306","2","IGF1","8","1","GFP",222.778498372215
"307","2","IGF1","8","11","GFP",208.440647155148
"308","2","IGF1","8","12","GFP",557.014498124053
"309","2","IGF1","8","13","GFP",443.566781100693
"310","2","IGF1","8","15","GFP",332.363034406025
"311","2","IGF1","8","2","GFP",160.870243824214
"312","2","IGF1","8","3","GFP",347.020922015045
"313","2","IGF1","8","4","GFP",437.970854737371
"314","2","IGF1","8","8","GFP",151.202007476946
"326","2","IGF1","9","11","MKO2",925.831335057078
"327","2","IGF1","9","12","MKO2",370.25437338147
"328","2","IGF1","9","2","MKO2",438.937306813596
"329","2","IGF1","9","5","MKO2",208.109782754973
"330","2","IGF1","9","7","MKO2",520.308254569772
"331","2","IGF1","9","10","MKO2",865.720793932173
"332","2","IGF1","9","13","MKO2",805.958288116031
"333","2","IGF1","9","3","MKO2",405.359890841151
"320","2","IGF1","9","13","GFP",794.626215417344
"321","2","IGF1","9","15","GFP",293.174378954178
"322","2","IGF1","9","8","GFP",593.731569686555
"323","2","IGF1","9","9","GFP",336.438515840149
"324","2","IGF1","9","1","GFP",286.768847260425
"325","2","IGF1","9","5","GFP",166.747923789295
"338","2","IGF1","10","10","MKO2",174.353864020291
"339","2","IGF1","10","5","MKO2",444.410184113462
"340","2","IGF1","10","7","MKO2",294.876498095794
"341","2","IGF1","10","9","MKO2",194.176734203122
"342","2","IGF1","10","3","MKO2",686.970098428128
"334","2","IGF1","10","2","GFP",516.091239505926
"335","2","IGF1","10","3","GFP",639.938374834087
"336","2","IGF1","10","4a","GFP",277.342223932213
"337","2","IGF1","10","6","GFP",292.464853013087
"347","2","IGF1","11","3","MKO2",572.371083665945
"348","2","IGF1","11","5","MKO2",610.990433148739
"349","2","IGF1","11","6","MKO2",669.261806610169
"350","2","IGF1","11","7","MKO2",185.995145102713
"351","2","IGF1","11","8","MKO2",562.048775076365
"343","2","IGF1","11","3","GFP",562.219621280563
"344","2","IGF1","11","4","GFP",604.510963189948
"345","2","IGF1","11","5","GFP",414.32494414769
"346","2","IGF1","11","7","GFP",1217.31125142768
"355","2","IGF1","12","11","MKO2",447.200490737083
"356","2","IGF1","12","12","MKO2",692.422633369229
"357","2","IGF1","12","3","MKO2",539.317034314314
"352","2","IGF1","12","10","GFP",903.76449454556
"353","2","IGF1","12","6","GFP",410.449621492242
"354","2","IGF1","12","8","GFP",346.571493659271
"504","2","RAPA","6","14","MKO2",511.323403039295
"522","2","RAPA","6","10","MKO2",230.462861976109
"523","2","RAPA","6","12","MKO2",509.257935472842
"524","2","RAPA","6","13","MKO2",258.790529101484
"525","2","RAPA","6","15","MKO2",298.026981694071
"526","2","RAPA","6","16","MKO2",408.573484696249
"527","2","RAPA","6","18a","MKO2",695.297706266114
"528","2","RAPA","6","18b","MKO2",639.430321329352
"529","2","RAPA","6","19","MKO2",346.448444595814
"530","2","RAPA","6","2","MKO2",652.709297638893
"531","2","RAPA","6","4","MKO2",451.435990367187
"532","2","RAPA","6","6","MKO2",261.822448744163
"533","2","RAPA","6","7","MKO2",225.654884926774
"534","2","RAPA","6","8","MKO2",822.964710550941
"535","2","RAPA","6","9b","MKO2",133.404464277867
"497","2","RAPA","6","14","GFP",264.192639586492
"498","2","RAPA","6","15","GFP",505.207281505339
"499","2","RAPA","6","18","GFP",591.15673495769
"500","2","RAPA","6","24","GFP",655.852124679132
"501","2","RAPA","6","26","GFP",576.932962588364
"502","2","RAPA","6","6","GFP",374.776111721189
"503","2","RAPA","6","7","GFP",690.043472311187
"505","2","RAPA","6","1","GFP",679.818071660765
"506","2","RAPA","6","10b","GFP",324.794063307548
"507","2","RAPA","6","11","GFP",199.155557456654
"508","2","RAPA","6","17","GFP",474.881742178188
"509","2","RAPA","6","19","GFP",324.326150385514
"510","2","RAPA","6","2","GFP",261.30225357353
"511","2","RAPA","6","20","GFP",293.397507406974
"512","2","RAPA","6","21","GFP",448.404070724509
"513","2","RAPA","6","22","GFP",249.820990687086
"514","2","RAPA","6","24a","GFP",303.333497897599
"515","2","RAPA","6","24b","GFP",297.469817390919
"516","2","RAPA","6","25","GFP",299.58756720597
"517","2","RAPA","6","3a","GFP",219.249353233021
"518","2","RAPA","6","3b","GFP",279.583022810721
"519","2","RAPA","6","4","GFP",335.398125498884
"520","2","RAPA","6","5","GFP",167.275775517967
"521","2","RAPA","6","9","GFP",626.551662577168
"536","2","RAPA","7","6","MKO2",634.680969428979
"540","2","RAPA","7","1","MKO2",289.882361726182
"541","2","RAPA","7","2","MKO2",468.497866500876
"542","2","RAPA","7","4","MKO2",410.780485892419
"543","2","RAPA","7","5b","MKO2",161.895321049401
"537","2","RAPA","7","1","GFP",110.962133675613
"538","2","RAPA","7","2","GFP",182.346122350243
"539","2","RAPA","7","3","GFP",499.731232755291
"550","2","RAPA","8","11","MKO2",706.303399672484
"551","2","RAPA","8","13","MKO2",749.102795086604
"552","2","RAPA","8","15","MKO2",507.571129447305
"553","2","RAPA","8","16","MKO2",554.308957773691
"554","2","RAPA","8","23","MKO2",464.396243942451
"555","2","RAPA","8","24","MKO2",920.91113695251
"556","2","RAPA","8","26","MKO2",636.895627183188
"557","2","RAPA","8","27","MKO2",306.424042689238
"558","2","RAPA","8","28","MKO2",268.250950112035
"559","2","RAPA","8","3","MKO2",416.030234739489
"560","2","RAPA","8","7","MKO2",315.141140076359
"544","2","RAPA","8","17","GFP",562.539657672518
"545","2","RAPA","8","24","GFP",386.866821159384
"546","2","RAPA","8","25","GFP",290.670311040171
"547","2","RAPA","8","26","GFP",394.312743194403
"548","2","RAPA","8","29","GFP",570.521087994248
"549","2","RAPA","8","3","GFP",304.841801160898
"667","2","DHPG","5","10","MKO2",184.623890361272
"668","2","DHPG","5","11","MKO2",289.730000088244
"669","2","DHPG","5","13","MKO2",270.558030697544
"670","2","DHPG","5","3","MKO2",154.360147633263
"671","2","DHPG","5","4","MKO2",326.730138910181
"672","2","DHPG","5","5","MKO2",533.996518652386
"673","2","DHPG","5","8","MKO2",241.126862974084
"664","2","DHPG","5","1","GFP",683.559517244533
"665","2","DHPG","5","10","GFP",266.812100005916
"666","2","DHPG","5","9","GFP",193.60425678389
"681","2","DHPG","6","11","MKO2",165.061117763758
"682","2","DHPG","6","13","MKO2",150.366261022217
"683","2","DHPG","6","15","MKO2",334.633145859014
"684","2","DHPG","6","7","MKO2",186.139850182611
"685","2","DHPG","6","9","MKO2",235.215385326664
"687","2","DHPG","6","12","MKO2",850.382692956544
"688","2","DHPG","6","8","MKO2",256.85128204867
"674","2","DHPG","6","1","GFP",281.080498065801
"675","2","DHPG","6","3","GFP",220.434448654186
"676","2","DHPG","6","4","GFP",244.726774928136
"677","2","DHPG","6","5","GFP",400.045718079584
"678","2","DHPG","6","6","GFP",238.59216882792
"679","2","DHPG","6","7","GFP",244.508131583198
"680","2","DHPG","6","8","GFP",294.590259386178
"686","2","DHPG","6","9","GFP",1287.02691864303
"694","2","DHPG","7","10","MKO2",201.875097265418
"695","2","DHPG","7","13","MKO2",145.075057934769
"696","2","DHPG","7","14","MKO2",300.289436589022
"697","2","DHPG","7","3","MKO2",399.302394456156
"698","2","DHPG","7","5","MKO2",311.470461307448
"699","2","DHPG","7","8","MKO2",344.159848576565
"700","2","DHPG","7","8b","MKO2",393.335463109956
"706","2","DHPG","7","12","MKO2",247.141591461024
"707","2","DHPG","7","9","MKO2",727.594432535914
"689","2","DHPG","7","12","GFP",370.425219585667
"690","2","DHPG","7","15","GFP",344.613762040196
"691","2","DHPG","7","17","GFP",271.590764480771
"692","2","DHPG","7","4","GFP",331.612054224555
"693","2","DHPG","7","6","GFP",220.873049001739
"701","2","DHPG","7","10","GFP",465.444290841753
"702","2","DHPG","7","11","GFP",339.593484546286
"703","2","DHPG","7","16","GFP",312.257096963759
"704","2","DHPG","7","2","GFP",374.357309597571
"705","2","DHPG","7","7","GFP",876.161666477351
"713","2","DHPG","8","1","MKO2",114.250322624588
"714","2","DHPG","8","11","MKO2",235.972708408495
"715","2","DHPG","8","2","MKO2",190.752425628539
"716","2","DHPG","8","7","MKO2",425.062883410706
"708","2","DHPG","8","16","GFP",352.059027246376
"709","2","DHPG","8","17","GFP",154.280138535274
"710","2","DHPG","8","19","GFP",354.114323633444
"711","2","DHPG","8","5","GFP",141.940816348822
"712","2","DHPG","8","8","GFP",126.528777108151
"828","2","TG003","5","10","MKO2",507.184811348349
"829","2","TG003","5","13","MKO2",393.655499501912
"830","2","TG003","5","2","MKO2",282.020809017728
"831","2","TG003","5","4","MKO2",316.400173762563
"834","2","TG003","5","11","MKO2",449.162707464018
"835","2","TG003","5","5","MKO2",225.762620874153
"822","2","TG003","5","11","GFP",560.626551744002
"823","2","TG003","5","13","GFP",216.072728510444
"824","2","TG003","5","14","GFP",329.449678718945
"825","2","TG003","5","15","GFP",511.346372713414
"826","2","TG003","5","4","GFP",220.037302547011
"827","2","TG003","5","9","GFP",153.11194195528
"832","2","TG003","5","19","GFP",943.48417317626
"833","2","TG003","5","5","GFP",506.378377468098
"842","2","TG003","6","1","MKO2",349.335659158594
"843","2","TG003","6","10","MKO2",157.55208547192
"844","2","TG003","6","16","MKO2",244.645180105057
"845","2","TG003","6","18","MKO2",554.836809502363
"846","2","TG003","6","3","MKO2",310.317849910945
"852","2","TG003","6","11","MKO2",571.501539528876
"853","2","TG003","6","15","MKO2",1042.87579258431
"854","2","TG003","6","2","MKO2",599.048913898301
"855","2","TG003","6","21","MKO2",480.759422143269
"856","2","TG003","6","22","MKO2",1168.90378798434
"857","2","TG003","6","23","MKO2",1110.92630979056
"858","2","TG003","6","24","MKO2",369.343375004023
"836","2","TG003","6","10","GFP",677.923450298511
"837","2","TG003","6","4","GFP",145.613737671662
"838","2","TG003","6","5","GFP",804.32059288891
"839","2","TG003","6","7","GFP",323.85058090544
"840","2","TG003","6","8","GFP",131.215947647957
"841","2","TG003","6","9","GFP",100.807499840051
"847","2","TG003","6","1","GFP",832.24662879925
"848","2","TG003","6","13","GFP",820.512924885533
"849","2","TG003","6","14","GFP",379.123832406529
"850","2","TG003","6","17","GFP",285.423733643283
"851","2","TG003","6","19","GFP",1710.33354287102
"861","2","TG003","7","10","MKO2",209.276393609877
"862","2","TG003","7","12","MKO2",341.952847380394
"863","2","TG003","7","8","MKO2",113.32915306776
"864","2","TG003","7","9","MKO2",497.505746992862
"859","2","TG003","7","3","GFP",160.5055817417
"860","2","TG003","7","6","GFP",334.075981555861
"865","2","TG003","7","7","GFP",505.341158577015
"866","2","TG003","7","8","GFP",893.379075699159
"870","2","TG003","8","8","MKO2",408.298073994851
"871","2","TG003","8","9","MKO2",427.886987716667
"872","2","TG003","8","5","MKO2",216.001961695585
"867","2","TG003","8","5","GFP",279.612335385202
"868","2","TG003","8","6","GFP",216.863849274614
"869","2","TG003","8","9","GFP",353.218638372082
"984","2","BDNF","7","1","MKO2",472.964151141815
"985","2","BDNF","7","11","MKO2",637.649778814837
"986","2","BDNF","7","14","MKO2",546.171994363838
"987","2","BDNF","7","16","MKO2",1044.98271439114
"988","2","BDNF","7","17","MKO2",200.062070726242
"989","2","BDNF","7","2","MKO2",936.438568698596
"990","2","BDNF","7","9","MKO2",438.357172836323
"978","2","BDNF","7","1","GFP",217.759534535981
"979","2","BDNF","7","11","GFP",365.78808874053
"980","2","BDNF","7","13","GFP",854.161107672835
"981","2","BDNF","7","6","GFP",284.558674614073
"982","2","BDNF","7","7","GFP",349.480364238493
"983","2","BDNF","7","9","GFP",150.692640314533
"1003","2","BDNF","8","10A","MKO2",245.343878037927
"1004","2","BDNF","8","10B","MKO2",514.63390483355
"1005","2","BDNF","8","11","MKO2",383.719509011287
"1006","2","BDNF","8","15","MKO2",287.010460279481
"1007","2","BDNF","8","16","MKO2",145.606081113623
"1008","2","BDNF","8","19","MKO2",438.657411004342
"1009","2","BDNF","8","2","MKO2",248.465049061724
"1010","2","BDNF","8","3","MKO2",159.168124682598
"1011","2","BDNF","8","4","MKO2",134.560247124551
"1012","2","BDNF","8","5","MKO2",326.703997785882
"1013","2","BDNF","8","6","MKO2",401.91102686736
"1014","2","BDNF","8","8","MKO2",379.89964005462
"991","2","BDNF","8","1","GFP",477.378153534153
"992","2","BDNF","8","10","GFP",158.510880990106
"993","2","BDNF","8","11","GFP",582.131742844511
"994","2","BDNF","8","12","GFP",628.038309824026
"995","2","BDNF","8","13","GFP",594.656567522402
"996","2","BDNF","8","15","GFP",461.947629727225
"997","2","BDNF","8","2","GFP",515.389370122875
"998","2","BDNF","8","3","GFP",286.32707546269
"999","2","BDNF","8","4","GFP",1003.65782455798
"1000","2","BDNF","8","5","GFP",696.475145129236
"1001","2","BDNF","8","8","GFP",344.015143496666
"1002","2","BDNF","8","9","GFP",251.423030439364
"1018","2","BDNF","9","1","MKO2",293.137409821658
"1019","2","BDNF","9","13","MKO2",522.901573864897
"1020","2","BDNF","9","7","MKO2",646.828446223629
"1015","2","BDNF","9","12","GFP",333.261891117573
"1016","2","BDNF","9","19","GFP",205.687309664046
"1017","2","BDNF","9","8","GFP",425.249042730982
"1025","2","BDNF","11","11","MKO2",450.258551504063
"1026","2","BDNF","11","16","MKO2",475.148182663867
"1027","2","BDNF","11","2","MKO2",339.659766253286
"1021","2","BDNF","11","1","GFP",381.943451604632
"1022","2","BDNF","11","11","GFP",540.3682526638
"1023","2","BDNF","11","19","GFP",642.391474157168
"1024","2","BDNF","11","24","GFP",594.367157362606
"1146","2","EFT508","7","10","MKO2",598.985803641482
"1147","2","EFT508","7","4A","MKO2",169.096458615183
"1148","2","EFT508","7","4B","MKO2",504.331394467907
"1149","2","EFT508","7","6","MKO2",671.688764808954
"1150","2","EFT508","7","7","MKO2",527.961991941509
"1151","2","EFT508","7","8","MKO2",277.59466495949
"1152","2","EFT508","7","9A","MKO2",400.670477747416
"1140","2","EFT508","7","1","GFP",444.919551275876
"1141","2","EFT508","7","2","GFP",363.146972304666
"1142","2","EFT508","7","3","GFP",322.702454616795
"1143","2","EFT508","7","4","GFP",142.303235877407
"1144","2","EFT508","7","5","GFP",132.955035922093
"1145","2","EFT508","7","7","GFP",587.898515412034
"1166","2","EFT508","8","3","MKO2",600.843455871217
"1167","2","EFT508","8","6","MKO2",750.199952784325
"1168","2","EFT508","8","7","MKO2",755.051241866543
"1169","2","EFT508","8","8","MKO2",478.17824451404
"1170","2","EFT508","8","9","MKO2",494.529281048963
"1153","2","EFT508","8","1","GFP",259.158362634179
"1154","2","EFT508","8","10","GFP",203.848142000571
"1155","2","EFT508","8","11","GFP",308.286180026831
"1156","2","EFT508","8","12","GFP",675.199425381886
"1157","2","EFT508","8","13","GFP",299.201249107016
"1158","2","EFT508","8","15","GFP",136.124004086631
"1159","2","EFT508","8","18","GFP",286.865755199583
"1160","2","EFT508","8","3","GFP",250.612111451256
"1161","2","EFT508","8","4","GFP",573.631431009824
"1162","2","EFT508","8","6","GFP",664.98299494718
"1163","2","EFT508","8","7","GFP",361.983532899942
"1164","2","EFT508","8","8","GFP",344.089081761705
"1165","2","EFT508","8","9","GFP",366.405191850322
"1177","2","EFT508","9","1","MKO2",232.966929890116
"1178","2","EFT508","9","12","MKO2",238.195022720744
"1179","2","EFT508","9","4","MKO2",314.710196286845
"1180","2","EFT508","9","5","MKO2",960.832288019564
"1181","2","EFT508","9","6","MKO2",503.606555410739
"1182","2","EFT508","9","7","MKO2",223.447883730604
"1183","2","EFT508","9","8","MKO2",159.443535383993
"1184","2","EFT508","9","9","MKO2",557.957980526159
"1171","2","EFT508","9","10","GFP",346.58997822553
"1172","2","EFT508","9","11","GFP",515.745061989675
"1173","2","EFT508","9","3","GFP",453.305784262821
"1174","2","EFT508","9","4","GFP",343.505776334253
"1175","2","EFT508","9","5","GFP",194.32143928302
"1176","2","EFT508","9","8","GFP",392.93066044474
"1188","2","EFT508","13","11","MKO2",437.101310600301
"1189","2","EFT508","13","12","MKO2",329.312630197086
"1190","2","EFT508","13","14","MKO2",615.955256943871
"1191","2","EFT508","13","16","MKO2",357.112445593789
"1192","2","EFT508","13","17","MKO2",345.657323831643
"1185","2","EFT508","13","16","GFP",523.766632894105
"1186","2","EFT508","13","7","GFP",530.244245060396
"1187","2","EFT508","13","8","GFP",571.672385733073
"181","3","DMSO","13","4","MKO2",149.730671816178
"182","3","DMSO","13","5","MKO2",169.595923188628
"183","3","DMSO","13","7","MKO2",169.146498309852
"184","3","DMSO","13","9","MKO2",161.055744345026
"231","3","DMSO","13","10","MKO2",341.724297917573
"232","3","DMSO","13","2","MKO2",104.852082974606
"233","3","DMSO","13","8","MKO2",275.97545429863
"185","3","DMSO","13","2","GFP",388.364292377227
"186","3","DMSO","13","6","GFP",249.592445847866
"187","3","DMSO","13","9","GFP",904.551505651836
"222","3","DMSO","13","1","GFP",602.128358614309
"223","3","DMSO","13","10","GFP",131.589195184763
"224","3","DMSO","13","11","GFP",309.573594287255
"225","3","DMSO","13","12","GFP",319.024119289846
"226","3","DMSO","13","3","GFP",198.794721610245
"227","3","DMSO","13","4","GFP",513.094703270679
"228","3","DMSO","13","5","GFP",220.401307800686
"229","3","DMSO","13","7","GFP",231.397756550479
"230","3","DMSO","13","8","GFP",206.161291292926
"188","3","DMSO","14","13","MKO2",501.119376064124
"240","3","DMSO","14","11","MKO2",214.441374106033
"241","3","DMSO","14","12","MKO2",421.570046451311
"242","3","DMSO","14","3","MKO2",357.87425023727
"243","3","DMSO","14","4","MKO2",205.466421678611
"244","3","DMSO","14","5","MKO2",143.787639130464
"245","3","DMSO","14","8","MKO2",209.130102804889
"246","3","DMSO","14","9","MKO2",477.683528566175
"234","3","DMSO","14","1","GFP",501.407210772609
"235","3","DMSO","14","3","GFP",332.587748583911
"236","3","DMSO","14","4","GFP",357.332671074237
"237","3","DMSO","14","5","GFP",100.551229494146
"238","3","DMSO","14","6","GFP",141.836907243713
"239","3","DMSO","14","7","GFP",772.733384772466
"189","3","DMSO","15","12","MKO2",405.782517545729
"190","3","DMSO","15","8","MKO2",278.698819642108
"257","3","DMSO","15","1","MKO2",348.644614183015
"258","3","DMSO","15","10","MKO2",440.927245916764
"259","3","DMSO","15","2","MKO2",505.833626898259
"260","3","DMSO","15","3","MKO2",604.210725021931
"261","3","DMSO","15","9","MKO2",395.263878186447
"191","3","DMSO","15","4","GFP",65.0377382879859
"192","3","DMSO","15","7","GFP",164.320034973105
"247","3","DMSO","15","1","GFP",336.228457949502
"248","3","DMSO","15","10","GFP",295.093552602876
"249","3","DMSO","15","11","GFP",377.329286608525
"250","3","DMSO","15","12","GFP",120.219496524717
"251","3","DMSO","15","13","GFP",229.260867713776
"252","3","DMSO","15","2","GFP",217.947279581349
"253","3","DMSO","15","3","GFP",384.333440670898
"254","3","DMSO","15","5","GFP",677.470193663715
"255","3","DMSO","15","8","GFP",305.112069925596
"256","3","DMSO","15","9","GFP",430.015565539937
"193","3","DMSO","16","1","MKO2",226.457487703791
"194","3","DMSO","16","2","MKO2",289.239771702774
"195","3","DMSO","16","3","MKO2",238.863748619264
"196","3","DMSO","16","4","MKO2",430.073256914856
"197","3","DMSO","16","5","MKO2",174.28692374959
"198","3","DMSO","16","7","MKO2",119.560007827117
"199","3","DMSO","16","1","GFP",205.345615139376
"200","3","DMSO","16","2","GFP",283.736927617745
"201","3","DMSO","16","3","GFP",340.273694225458
"202","3","DMSO","16","6","GFP",267.375332354028
"203","3","DMSO","17","10","MKO2",391.697103023557
"204","3","DMSO","17","13","MKO2",469.131858833856
"205","3","DMSO","17","14","MKO2",278.219421849916
"206","3","DMSO","17","4","MKO2",193.050918539957
"207","3","DMSO","17","8","MKO2",402.290336989495
"208","3","DMSO","17","11","GFP",316.596228804646
"209","3","DMSO","17","3","GFP",311.516668598949
"210","3","DMSO","17","7","GFP",35.3241604312062
"211","3","DMSO","17","8","GFP",89.7425235255094
"212","3","DMSO","17","9","GFP",378.702126544949
"213","3","DMSO","18","13","MKO2",960.708299559906
"214","3","DMSO","18","14","MKO2",635.623509903498
"215","3","DMSO","18","15","MKO2",220.17434655493
"216","3","DMSO","18","3","MKO2",1237.67213177876
"217","3","DMSO","18","4","MKO2",312.944960472518
"218","3","DMSO","18","1","GFP",194.161419114476
"219","3","DMSO","18","2","GFP",366.368215206646
"220","3","DMSO","18","3","GFP",432.600294923961
"221","3","DMSO","18","9","GFP",483.11019438492
"366","3","IGF1","13","11","MKO2",416.851981735816
"367","3","IGF1","13","14","MKO2",403.523894627857
"368","3","IGF1","13","15","MKO2",496.428387519074
"369","3","IGF1","13","16","MKO2",139.557554944344
"370","3","IGF1","13","18","MKO2",498.007457597235
"371","3","IGF1","13","20","MKO2",397.002970428687
"372","3","IGF1","13","22","MKO2",191.854340501534
"373","3","IGF1","13","4","MKO2",202.744641402486
"374","3","IGF1","13","8b","MKO2",256.271148071399
"375","3","IGF1","13","9","MKO2",157.704447109857
"376","3","IGF1","13","3","MKO2",443.18363445192
"377","3","IGF1","13","8a","MKO2",128.139402314719
"358","3","IGF1","13","14","GFP",725.9464534354
"359","3","IGF1","13","7","GFP",520.211346630613
"360","3","IGF1","13","10","GFP",156.75330814971
"361","3","IGF1","13","13","GFP",747.126578901268
"362","3","IGF1","13","15","GFP",555.677041064951
"363","3","IGF1","13","2","GFP",152.970408325562
"364","3","IGF1","13","3","GFP",197.505720563637
"365","3","IGF1","13","5","GFP",145.847694132679
"389","3","IGF1","14","10","MKO2",805.479547185776
"390","3","IGF1","14","11","MKO2",190.419975503273
"391","3","IGF1","14","13","MKO2",381.189299972981
"392","3","IGF1","14","14","MKO2",119.734684761513
"393","3","IGF1","14","2","MKO2",279.924715219117
"394","3","IGF1","14","9","MKO2",132.624171521918
"378","3","IGF1","14","15","GFP",482.535479549925
"379","3","IGF1","14","1","GFP",194.923229276732
"380","3","IGF1","14","10","GFP",305.220462701814
"381","3","IGF1","14","12","GFP",205.884296992543
"382","3","IGF1","14","13","GFP",289.656061823205
"383","3","IGF1","14","17","GFP",306.413214681018
"384","3","IGF1","14","2","GFP",414.845139318324
"385","3","IGF1","14","3","GFP",696.716758148294
"386","3","IGF1","14","4","GFP",777.82443686897
"387","3","IGF1","14","5","GFP",521.107031891981
"388","3","IGF1","14","8","GFP",249.613175350369
"401","3","IGF1","15","12","MKO2",320.569391685665
"402","3","IGF1","15","14","MKO2",466.944937547017
"403","3","IGF1","15","16","MKO2",602.964377136449
"404","3","IGF1","15","2","MKO2",308.535449603927
"405","3","IGF1","15","3","MKO2",412.299617163939
"406","3","IGF1","15","6","MKO2",495.391168627991
"407","3","IGF1","15","8","MKO2",586.159427137895
"395","3","IGF1","15","10","GFP",349.845026321007
"396","3","IGF1","15","11","GFP",493.693534594234
"397","3","IGF1","15","12","GFP",1060.23473543583
"398","3","IGF1","15","14","GFP",677.623212130493
"399","3","IGF1","15","16","GFP",377.421713264913
"400","3","IGF1","15","9","GFP",133.604623056546
"576","3","RAPA","9","1","MKO2",354.185090448308
"577","3","RAPA","9","10","MKO2",416.765901804879
"578","3","RAPA","9","11","MKO2",245.522380800164
"579","3","RAPA","9","12","MKO2",547.146102998107
"580","3","RAPA","9","13","MKO2",500.493040944981
"581","3","RAPA","9","16","MKO2",446.531105378695
"582","3","RAPA","9","17","MKO2",228.408222417877
"583","3","RAPA","9","2","MKO2",592.175469282513
"584","3","RAPA","9","5","MKO2",231.350890679437
"585","3","RAPA","9","7","MKO2",383.622601072129
"586","3","RAPA","9","8","MKO2",493.872037356471
"587","3","RAPA","9","9","MKO2",177.645881248287
"561","3","RAPA","9","19","GFP",343.721248229011
"562","3","RAPA","9","24a","GFP",480.788734717749
"563","3","RAPA","9","9","GFP",350.420675190419
"564","3","RAPA","9","10","GFP",733.790835235271
"565","3","RAPA","9","12","GFP",153.08580083098
"566","3","RAPA","9","14","GFP",250.482719487437
"567","3","RAPA","9","18","GFP",325.871422781334
"568","3","RAPA","9","21","GFP",265.248343043836
"569","3","RAPA","9","22","GFP",206.386007596916
"570","3","RAPA","9","3","GFP",396.742872843369
"571","3","RAPA","9","4a","GFP",134.214069608297
"572","3","RAPA","9","4b","GFP",208.091298188713
"573","3","RAPA","9","6","GFP",216.622236255557
"574","3","RAPA","9","7","GFP",597.882303043397
"575","3","RAPA","9","8","GFP",238.562856253439
"592","3","RAPA","10","1","MKO2",124.111718021334
"593","3","RAPA","10","10","MKO2",347.730447956136
"594","3","RAPA","10","11","MKO2",433.906201311465
"595","3","RAPA","10","2","MKO2",103.129893541639
"596","3","RAPA","10","3","MKO2",754.925021352905
"597","3","RAPA","10","4","MKO2",281.485300731016
"598","3","RAPA","10","5","MKO2",448.500978663667
"599","3","RAPA","10","6","MKO2",340.0505694601
"600","3","RAPA","10","7","MKO2",923.576536720169
"601","3","RAPA","10","8","MKO2",386.246546599413
"602","3","RAPA","10","9","MKO2",305.614437358808
"588","3","RAPA","10","1","GFP",214.19976316463
"589","3","RAPA","10","3","GFP",562.825896382133
"590","3","RAPA","10","4","GFP",142.644928285802
"591","3","RAPA","10","5","GFP",507.013965144152
"608","3","RAPA","11","12","MKO2",446.672639008412
"609","3","RAPA","11","13","MKO2",400.707446879936
"610","3","RAPA","11","9","MKO2",321.683720291971
"603","3","RAPA","11","11","GFP",576.655694094461
"604","3","RAPA","11","12","GFP",378.877734279614
"605","3","RAPA","11","15","GFP",343.922720665366
"606","3","RAPA","11","19","GFP",426.21866625739
"607","3","RAPA","11","24","GFP",236.765142830343
"615","3","RAPA","12","10","MKO2",632.501423014787
"616","3","RAPA","12","12","MKO2",700.082713641331
"617","3","RAPA","12","13","MKO2",623.879919909145
"618","3","RAPA","12","9","MKO2",429.424603554447
"611","3","RAPA","12","17","GFP",318.399359622015
"612","3","RAPA","12","8","GFP",174.792464367845
"613","3","RAPA","12","9a","GFP",571.724667981673
"614","3","RAPA","12","9b","GFP",479.009505860913
"723","3","DHPG","9","1","MKO2",203.461823901616
"724","3","DHPG","9","10","MKO2",476.356247759149
"725","3","DHPG","9","12","MKO2",136.20559890971
"726","3","DHPG","9","13","MKO2",234.568969642393
"727","3","DHPG","9","14","MKO2",161.802898218101
"728","3","DHPG","9","3","MKO2",115.606921078789
"729","3","DHPG","9","8","MKO2",311.878435422844
"730","3","DHPG","9","9","MKO2",457.909117425619
"732","3","DHPG","9","11","MKO2",154.906483928196
"733","3","DHPG","9","4","MKO2",521.18862671506
"734","3","DHPG","9","6","MKO2",364.038172458175
"717","3","DHPG","9","1","GFP",171.161926181635
"718","3","DHPG","9","10","GFP",134.292492981196
"719","3","DHPG","9","3","GFP",420.370298866788
"720","3","DHPG","9","4","GFP",371.447125360673
"721","3","DHPG","9","5","GFP",238.124255905886
"722","3","DHPG","9","8","GFP",117.03362951901
"731","3","DHPG","9","9","GFP",708.915203533867
"741","3","DHPG","11","10","MKO2",535.780232617082
"742","3","DHPG","11","12","MKO2",423.160605490411
"743","3","DHPG","11","15","MKO2",125.94322912677
"744","3","DHPG","11","16","MKO2",324.184616755796
"745","3","DHPG","11","4","MKO2",398.726745586744
"746","3","DHPG","11","7","MKO2",340.797064533711
"748","3","DHPG","11","2","MKO2",988.873716435326
"749","3","DHPG","11","5","MKO2",370.057386052973
"735","3","DHPG","11","10","GFP",456.727193454635
"736","3","DHPG","11","11","GFP",286.731878127905
"737","3","DHPG","11","2","GFP",468.542492191435
"738","3","DHPG","11","4","GFP",340.470685241394
"739","3","DHPG","11","7","GFP",403.467127271399
"740","3","DHPG","11","9","GFP",593.528239457695
"747","3","DHPG","11","5","GFP",243.67555657865
"754","3","DHPG","12","1","MKO2",252.986787401443
"755","3","DHPG","12","10","MKO2",290.239367250657
"756","3","DHPG","12","11","MKO2",150.1061634369
"757","3","DHPG","12","4","MKO2",592.706492461368
"758","3","DHPG","12","5","MKO2",199.481936748971
"759","3","DHPG","12","8","MKO2",146.241668789673
"750","3","DHPG","12","1","GFP",336.007572050635
"751","3","DHPG","12","2","GFP",45.4787946401821
"752","3","DHPG","12","3","GFP",329.646666047442
"753","3","DHPG","12","4","GFP",204.531526817362
"879","3","TG003","9","1","MKO2",421.255156119935
"880","3","TG003","9","11","MKO2",583.045912672139
"881","3","TG003","9","12","MKO2",349.131015272058
"882","3","TG003","9","15","MKO2",352.401376483612
"883","3","TG003","9","16","MKO2",362.406820131416
"884","3","TG003","9","18","MKO2",218.424434786513
"885","3","TG003","9","19","MKO2",168.988722667804
"886","3","TG003","9","2","MKO2",308.783405523346
"887","3","TG003","9","7","MKO2",856.301827162004
"873","3","TG003","9","10","GFP",552.474275218074
"874","3","TG003","9","14","GFP",386.175779784554
"875","3","TG003","9","14b","GFP",158.306237103569
"876","3","TG003","9","15","GFP",477.225791896217
"877","3","TG003","9","3","GFP",428.659623914577
"878","3","TG003","9","6","GFP",578.379469252517
"899","3","TG003","10","13","MKO2",308.081536140295
"900","3","TG003","10","15","MKO2",570.44714972921
"901","3","TG003","10","18","MKO2",598.774816854585
"902","3","TG003","10","4","MKO2",374.289714232894
"903","3","TG003","10","5","MKO2",232.60675291546
"904","3","TG003","10","9","MKO2",403.35621987384
"888","3","TG003","10","11","GFP",463.378823275304
"889","3","TG003","10","14","GFP",289.566810442086
"890","3","TG003","10","16","GFP",322.583890661197
"891","3","TG003","10","17","GFP",504.145235147631
"892","3","TG003","10","18","GFP",120.381100445785
"893","3","TG003","10","19","GFP",204.62843475652
"894","3","TG003","10","20","GFP",587.396804807658
"895","3","TG003","10","3","GFP",262.305674782276
"896","3","TG003","10","4","GFP",174.929512889704
"897","3","TG003","10","5","GFP",596.396969454214
"898","3","TG003","10","7","GFP",360.233616617586
"905","3","TG003","10","9","GFP",870.159623791139
"917","3","TG003","11","11a","MKO2",525.410126886762
"918","3","TG003","11","11b","MKO2",704.081085360235
"919","3","TG003","11","12","MKO2",424.772159593231
"920","3","TG003","11","13","MKO2",636.059880728459
"921","3","TG003","11","3","MKO2",470.931167600024
"922","3","TG003","11","4","MKO2",407.425358407605
"923","3","TG003","11","5","MKO2",524.737570078191
"924","3","TG003","11","6","MKO2",219.501794260298
"925","3","TG003","11","9","MKO2",409.026084502204
"906","3","TG003","11","10","GFP",93.5324240092293
"907","3","TG003","11","11","GFP",74.1742952982521
"908","3","TG003","11","15","GFP",311.886091980883
"909","3","TG003","11","16","GFP",116.568888047157
"910","3","TG003","11","14","GFP",617.437419082872
"911","3","TG003","11","18","GFP",899.922969572451
"912","3","TG003","11","2","GFP",1036.93817381259
"913","3","TG003","11","3","GFP",913.514325715909
"914","3","TG003","11","4","GFP",313.934388638754
"915","3","TG003","11","7","GFP",256.297289195699
"916","3","TG003","11","9","GFP",420.073232148952
"1028","3","BDNF","12","1","MKO2",610.247097014233
"1029","3","BDNF","12","10","MKO2",336.498447748012
"1030","3","BDNF","12","12","MKO2",675.742576372799
"1031","3","BDNF","12","13","MKO2",809.799796486903
"1032","3","BDNF","12","2","MKO2",329.334279461627
"1033","3","BDNF","12","3","MKO2",753.331936371793
"1034","3","BDNF","12","4","MKO2",687.516420627834
"1068","3","BDNF","12","11","MKO2",284.587987188554
"1035","3","BDNF","12","1","GFP",613.223562897109
"1036","3","BDNF","12","10","GFP",445.332001369085
"1037","3","BDNF","12","14","GFP",310.083887092694
"1038","3","BDNF","12","15","GFP",106.098700752299
"1039","3","BDNF","12","16","GFP",170.694009760091
"1040","3","BDNF","12","3","GFP",472.856405500096
"1041","3","BDNF","12","6","GFP",166.183099521073
"1042","3","BDNF","12","7","GFP",229.530202876472
"1043","3","BDNF","12","9","GFP",279.976991727724
"1044","3","BDNF","13","12","MKO2",248.155835590384
"1045","3","BDNF","13","7","MKO2",231.555529818702
"1070","3","BDNF","13","11","MKO2",465.696731869033
"1071","3","BDNF","13","8","MKO2",363.473351596982
"1072","3","BDNF","13","9","MKO2",590.625711778834
"1046","3","BDNF","13","1","GFP",138.267892191261
"1047","3","BDNF","13","10a","GFP",175.717458601193
"1048","3","BDNF","13","10b","GFP",250.34118072531
"1049","3","BDNF","13","4","GFP",925.068194244282
"1050","3","BDNF","13","5","GFP",414.198715142293
"1051","3","BDNF","13","6","GFP",483.720565054016
"1052","3","BDNF","13","7","GFP",527.612632158139
"1053","3","BDNF","13","8","GFP",281.91623874078
"1054","3","BDNF","13","9","GFP",423.000578622221
"1069","3","BDNF","13","3","GFP",798.869371605486
"1055","3","BDNF","14","1","MKO2",360.225952674317
"1056","3","BDNF","14","11","MKO2",256.181891438127
"1057","3","BDNF","14","12","MKO2",215.084616008186
"1058","3","BDNF","14","3","MKO2",508.522257981902
"1059","3","BDNF","14","6","MKO2",301.862157578144
"1060","3","BDNF","14","9","MKO2",485.122445998874
"1074","3","BDNF","14","7","MKO2",258.979859871942
"1061","3","BDNF","14","1","GFP",657.729561648257
"1062","3","BDNF","14","11","GFP",466.116838094159
"1063","3","BDNF","14","14","GFP",309.025012206877
"1064","3","BDNF","14","2","GFP",742.13559876683
"1065","3","BDNF","14","3","GFP",195.372653627043
"1066","3","BDNF","14","6","GFP",515.229341363844
"1067","3","BDNF","14","7","GFP",343.739725748036
"1073","3","BDNF","14","5","GFP",642.428443289691
"1080","3","BDNF","15","10","MKO2",557.389988214788
"1081","3","BDNF","15","14","MKO2",387.1792009933
"1082","3","BDNF","15","4","MKO2",622.683996479761
"1083","3","BDNF","15","5","MKO2",484.98092231497
"1084","3","BDNF","15","6","MKO2",395.925610954901
"1075","3","BDNF","15","1","GFP",283.789209866344
"1076","3","BDNF","15","12","GFP",347.325645290921
"1077","3","BDNF","15","5","GFP",167.472762846465
"1078","3","BDNF","15","6","GFP",1109.51491446643
"1079","3","BDNF","15","9","GFP",610.214625500649
"1193","3","EFT508","14","1","MKO2",232.617576154634
"1194","3","EFT508","14","10","MKO2",438.424759212569
"1195","3","EFT508","14","11","MKO2",197.73201641278
"1196","3","EFT508","14","12","MKO2",542.147470405714
"1197","3","EFT508","14","5","MKO2",101.650900768807
"1198","3","EFT508","14","7","MKO2",281.611515471152
"1199","3","EFT508","14","7b","MKO2",246.636704350008
"1200","3","EFT508","14","8","MKO2",430.217029156132
"1201","3","EFT508","14","9","MKO2",242.865946269065
"1202","3","EFT508","14","1","GFP",203.725088760411
"1203","3","EFT508","14","10","GFP",741.670857304504
"1204","3","EFT508","14","11","GFP",156.099232707106
"1205","3","EFT508","14","12","GFP",196.770049464134
"1206","3","EFT508","14","2","GFP",400.533421013959
"1207","3","EFT508","14","7","GFP",137.978482037397
"1242","3","EFT508","14","9","GFP",812.502181989317
"1208","3","EFT508","15","1","MKO2",573.848748932235
"1209","3","EFT508","15","10","MKO2",295.470625473829
"1210","3","EFT508","15","3","MKO2",213.382496901466
"1211","3","EFT508","15","4","MKO2",501.522592995981
"1212","3","EFT508","15","6","MKO2",178.095305952811
"1213","3","EFT508","15","7","MKO2",150.986532486714
"1214","3","EFT508","15","8","MKO2",158.466252050726
"1215","3","EFT508","15","9","MKO2",311.050339149107
"1216","3","EFT508","15","10","GFP",540.141941687017
"1217","3","EFT508","15","3","GFP",372.929279854006
"1218","3","EFT508","15","4","GFP",841.98112959151
"1219","3","EFT508","15","8","GFP",64.6660758211996
"1220","3","EFT508","15","9","GFP",495.922181639617
"1243","3","EFT508","15","2","GFP",538.01337493755
"1221","3","EFT508","16","1","MKO2",437.332086645106
"1222","3","EFT508","16","3","MKO2",195.866707663247
"1223","3","EFT508","16","5","MKO2",176.550033588672
"1224","3","EFT508","16","7","MKO2",300.958815777256
"1225","3","EFT508","16","9","MKO2",323.122563773541
"1226","3","EFT508","16","1","GFP",1130.33538391872
"1227","3","EFT508","16","10","GFP",143.020415444381
"1228","3","EFT508","16","2","GFP",498.315342107
"1229","3","EFT508","16","3","GFP",382.739049629875
"1230","3","EFT508","16","5","GFP",507.500352227848
"1231","3","EFT508","16","6","GFP",576.227909941504
"1232","3","EFT508","16","8","GFP",271.82471536893
"1233","3","EFT508","16","9","GFP",300.861907840085
"1244","3","EFT508","16","7","GFP",300.063136686044
"1234","3","EFT508","18","12","MKO2",284.84042237613
"1235","3","EFT508","18","2","MKO2",546.179639724292
"1236","3","EFT508","18","4","MKO2",507.504837335614
"1237","3","EFT508","18","7","MKO2",778.006095130979
"1238","3","EFT508","18","9","MKO2",780.176127150137
"1246","3","EFT508","18","5","MKO2",217.993490996998
"1239","3","EFT508","18","3","GFP",392.666069701261
"1240","3","EFT508","18","7","GFP",531.600175787073
"1241","3","EFT508","18","9","GFP",537.593248134704
"1245","3","EFT508","18","6","GFP",923.318296927358
