"","Batch","Treatment","wellID","Image_ID","ind_type","Measurement","Normalized"
"1",1,"DMSO",1,"2","R841X-Correction",598.484093037109,2.1072177246552
"2",1,"DMSO",1,"3","R841X-Correction",84.8229831801478,0.298655378973046
"3",1,"DMSO",1,"4","R841X-Correction",407.402388733486,1.43443333681525
"4",1,"DMSO",1,"5","R841X-Correction",108.361157822448,0.381531531220603
"5",1,"DMSO",1,"6","R841X-Correction",846.410462361941,2.98014792602365
"6",1,"DMSO",1,"8","R841X-Correction",176.965667881676,0.623082879485308
"7",1,"DMSO",2,"7","R841X-Correction",769.438195560368,2.70913433218181
"8",1,"DMSO",2,"2","R841X-Correction",228.352768719097,0.804013017751393
"9",1,"DMSO",2,"6","R841X-Correction",321.832910479728,1.13314960452625
"10",1,"DMSO",3,"20","R841X-Correction",248.449733416389,0.874772927186908
"11",1,"DMSO",3,"24","R841X-Correction",173.124141165896,0.609557151267286
"12",1,"DMSO",3,"16","R841X-Correction",282.139370063415,0.99339161781835
"13",1,"DMSO",3,"17","R841X-Correction",360.869196895219,1.27059344906021
"14",1,"DMSO",3,"1","R841X-Correction",174.219985192689,0.613415536115908
"15",1,"DMSO",3,"13","R841X-Correction",201.094802483577,0.708039757546496
"16",1,"DMSO",3,"14","R841X-Correction",316.460106081244,1.11423236212782
"17",1,"DMSO",3,"15","R841X-Correction",550.278102030125,1.93748803615338
"18",1,"DMSO",3,"2","R841X-Correction",147.252746556459,0.518465906041533
"19",1,"DMSO",3,"21","R841X-Correction",481.001029995334,1.69356864748071
"20",1,"DMSO",3,"23","R841X-Correction",540.948381194584,1.90463878695952
"21",1,"DMSO",3,"4","R841X-Correction",462.426370657479,1.62816866134652
"22",1,"DMSO",3,"5","R841X-Correction",379.551600793252,1.33637279573144
"23",1,"DMSO",3,"7","R841X-Correction",472.737851238837,1.66447461316925
"24",1,"DMSO",3,"8","R841X-Correction",629.81304710319,2.21752462849945
"25",1,"DMSO",4,"3","R841X-Correction",207.623383259373,0.73102640211676
"26",1,"DMSO",4,"4","R841X-Correction",128.938178338744,0.453981681286401
"27",1,"DMSO",4,"5","R841X-Correction",155.274315695596,0.546709250962796
"28",1,"DMSO",4,"6","R841X-Correction",250.969114378446,0.883643479103275
"29",1,"DMSO",4,"7","R841X-Correction",314.799445311239,1.10838529977494
"30",1,"DMSO",4,"10","R841X-Correction",426.281776514209,1.50090624900293
"31",1,"DMSO",4,"12","R841X-Correction",873.582337002203,3.07581806416134
"32",1,"DMSO",4,"13","R841X-Correction",491.854366930758,1.73178243499496
"33",1,"DMSO",4,"15","R841X-Correction",438.974275946116,1.54559559009697
"34",1,"DMSO",4,"9","R841X-Correction",625.537413360202,2.20247044191007
"35",1,"DMSO",5,"3","R841X-Correction",363.242566586146,1.27894990621265
"36",1,"DMSO",5,"7a","R841X-Correction",237.834843155809,0.837398692578845
"37",1,"DMSO",5,"7b","R841X-Correction",151.372852053956,0.532972489312139
"38",1,"DMSO",5,"1","R841X-Correction",253.065208104075,0.891023668322291
"39",1,"DMSO",5,"2","R841X-Correction",359.511949010597,1.26581468078132
"40",1,"DMSO",5,"5","R841X-Correction",299.806210550909,1.05559524168575
"41",1,"DMSO",5,"8","R841X-Correction",91.1469200508219,0.320921487660848
"42",1,"DMSO",6,"1","R841X-Correction",693.903467624382,2.44318220515702
"43",1,"DMSO",6,"3","R841X-Correction",323.04414040225,1.13741425448281
"44",1,"DMSO",6,"7","R841X-Correction",469.884424724985,1.6544279118518
"45",1,"DMSO",6,"2","R841X-Correction",146.000055770617,0.514055275486522
"46",1,"DMSO",6,"6","R841X-Correction",206.021343400761,0.725385739608022
"47",1,"DMSO",7,"2","R841X-Correction",96.5643436519081,0.339995830934106
"48",1,"DMSO",7,"4","R841X-Correction",380.07496746922,1.33821553064942
"49",1,"DMSO",7,"8","R841X-Correction",143.391423359413,0.504870475893764
"50",1,"DMSO",7,"9","R841X-Correction",251.638502334121,0.886000344024632
"51",1,"DMSO",8,"14","R841X-Correction",181.554999714508,0.639241573584245
"52",1,"DMSO",8,"10","R841X-Correction",412.273471937813,1.45158405641808
"53",1,"DMSO",8,"11","R841X-Correction",230.336641462471,0.810998085286076
"54",1,"DMSO",8,"13","R841X-Correction",415.837728092125,1.46413353572915
"55",1,"DMSO",8,"2","R841X-Correction",35.0194375287441,0.123300820066156
"56",1,"DMSO",8,"6","R841X-Correction",228.17426595686,0.803384522877658
"57",1,"IGF1",4,"1","R841X-Correction",321.131041096676,1.13067837492873
"58",1,"IGF1",4,"4a","R841X-Correction",314.836416800483,1.10851547362308
"59",1,"IGF1",4,"4b","R841X-Correction",712.322613267283,2.50803463920379
"60",1,"IGF1",4,"5","R841X-Correction",281.091326074022,0.989701533325945
"61",1,"IGF1",6,"11","R841X-Correction",459.238917926681,1.61694587870454
"62",1,"IGF1",6,"14","R841X-Correction",766.733977189342,2.6996129815744
"63",1,"IGF1",6,"16","R841X-Correction",132.921238239754,0.46800573726286
"64",1,"IGF1",6,"19","R841X-Correction",269.409904408899,0.9485721214196
"65",1,"IGF1",7,"11","R841X-Correction",938.824072657006,3.30552933528538
"66",1,"IGF1",7,"14","R841X-Correction",848.097268387479,2.98608704386558
"67",1,"IGF1",7,"15","R841X-Correction",277.717714022947,0.977823297642086
"68",1,"IGF1",7,"16","R841X-Correction",604.287834737151,2.12765226505808
"69",1,"IGF1",7,"17","R841X-Correction",366.883932780576,1.29177088420711
"70",1,"IGF1",7,"20","R841X-Correction",628.238468602705,2.21198065537855
"71",1,"IGF1",7,"22","R841X-Correction",713.615444635826,2.51258660174795
"72",1,"IGF1",7,"23","R841X-Correction",744.713620160885,2.62208095161162
"73",1,"IGF1",7,"4","R841X-Correction",391.243854419205,1.37754034616163
"74",1,"IGF1",7,"5","R841X-Correction",794.510822911926,2.79741317764078
"75",1,"IGF1",7,"6","R841X-Correction",570.899749535164,2.01009531450842
"76",1,"IGF1",7,"7","R841X-Correction",1187.50907872135,4.18113063986722
"77",1,"IGF1",7,"8","R841X-Correction",246.247219857334,0.867018041694663
"78",1,"IGF1",7,"9","R841X-Correction",576.621896412126,2.03024256564257
"79",1,"RAPA",1,"1","R841X-Correction",294.311677234601,1.03624940087305
"80",1,"RAPA",1,"10","R841X-Correction",391.822674738798,1.37957832921085
"81",1,"RAPA",1,"11","R841X-Correction",215.481766524952,0.758695181783618
"82",1,"RAPA",1,"14","R841X-Correction",594.791758251759,2.09421729006459
"83",1,"RAPA",1,"15","R841X-Correction",630.356218417757,2.21943709406853
"84",1,"RAPA",1,"16","R841X-Correction",288.106304319526,1.01440074700426
"85",1,"RAPA",1,"17","R841X-Correction",216.432905485099,0.762044070916595
"86",1,"RAPA",1,"18a","R841X-Correction",406.640580543797,1.43175106716302
"87",1,"RAPA",1,"18b","R841X-Correction",178.757038404411,0.629390161100388
"88",1,"RAPA",1,"19","R841X-Correction",720.682705129929,2.53746989731285
"89",1,"RAPA",1,"20","R841X-Correction",480.246883530675,1.6909133541892
"90",1,"RAPA",1,"23","R841X-Correction",335.539659128601,1.18141004124685
"91",1,"RAPA",1,"24","R841X-Correction",279.352237799885,0.983578333597437
"92",1,"RAPA",1,"27","R841X-Correction",266.147199755385,0.937084382386621
"93",1,"RAPA",1,"2a","R841X-Correction",179.046448564208,0.630409152624999
"94",1,"RAPA",1,"2b","R841X-Correction",267.046056466933,0.940249189633021
"95",1,"RAPA",1,"3","R841X-Correction",506.709241868276,1.78408533849742
"96",1,"RAPA",1,"4","R841X-Correction",115.034443659557,0.405027671487734
"97",1,"RAPA",1,"5a","R841X-Correction",384.807696493294,1.35487911553253
"98",1,"RAPA",1,"5b","R841X-Correction",838.028714482854,2.95063641870059
"99",1,"RAPA",1,"6","R841X-Correction",228.419050426097,0.804246390683833
"100",1,"RAPA",1,"7","R841X-Correction",195.246437118868,0.687448100558197
"101",1,"RAPA",1,"8","R841X-Correction",159.131155550078,0.560288895596757
"102",1,"RAPA",1,"9","R841X-Correction",585.108208788411,2.06012223673879
"103",1,"RAPA",2,"10","R841X-Correction",738.591155726567,2.60052421230198
"104",1,"RAPA",2,"11","R841X-Correction",475.728316641138,1.67500381816235
"105",1,"RAPA",2,"12","R841X-Correction",572.832653687617,2.01690092544695
"106",1,"RAPA",2,"15","R841X-Correction",732.832039717085,2.58024679561753
"107",1,"RAPA",2,"16","R841X-Correction",486.667728340508,1.71352066848202
"108",1,"RAPA",2,"18","R841X-Correction",298.205484456309,1.04995920484183
"109",1,"RAPA",2,"1a","R841X-Correction",44.1336810230405,0.155391389659313
"110",1,"RAPA",2,"1b","R841X-Correction",132.616514963879,0.466932829401968
"111",1,"RAPA",2,"2","R841X-Correction",263.293782874943,0.927037714987685
"112",1,"RAPA",2,"3","R841X-Correction",947.867549336444,3.33737074021681
"113",1,"RAPA",2,"4","R841X-Correction",371.223996907877,1.30705192536023
"114",1,"RAPA",2,"5","R841X-Correction",445.29821281679,1.56786169878477
"115",1,"RAPA",2,"6a","R841X-Correction",116.684280552575,0.410836623779374
"116",1,"RAPA",2,"6b","R841X-Correction",400.739930904597,1.41097532115512
"117",1,"RAPA",2,"7","R841X-Correction",442.875739725863,1.55933235223389
"118",1,"RAPA",2,"8","R841X-Correction",202.135194850734,0.711702901249356
"119",1,"RAPA",3,"11","R841X-Correction",325.477448124339,1.14598174895958
"120",1,"RAPA",3,"13","R841X-Correction",456.548690692398,1.60747378984306
"121",1,"RAPA",3,"14","R841X-Correction",530.823065379989,1.86898830735534
"122",1,"RAPA",3,"4","R841X-Correction",452.781103984329,1.59420839886144
"123",1,"RAPA",3,"6","R841X-Correction",789.078086194761,2.77828491803124
"124",1,"RAPA",3,"7","R841X-Correction",350.973354385713,1.23575092779853
"125",1,"RAPA",3,"9","R841X-Correction",453.889089690273,1.59810953365415
"126",1,"RAPA",3,"2","R841X-Correction",510.692300471102,1.79810938990307
"127",1,"RAPA",3,"5","R841X-Correction",151.506730752822,0.533443866196648
"128",1,"RAPA",4,"1","R841X-Correction",1043.75299327942,3.67497621605783
"129",1,"RAPA",4,"3","R841X-Correction",327.53657279043,1.15323177288526
"130",1,"RAPA",4,"5","R841X-Correction",623.051830012455,2.1937188888656
"131",1,"RAPA",5,"12","R841X-Correction",776.90392414098,2.73542060407368
"132",1,"RAPA",5,"13","R841X-Correction",405.299952054,1.42703081453016
"133",1,"RAPA",5,"15","R841X-Correction",595.028886162952,2.09505219970261
"134",1,"RAPA",5,"17","R841X-Correction",301.363624558,1.06107877990932
"135",1,"RAPA",5,"18","R841X-Correction",778.222896633824,2.74006460756113
"136",1,"RAPA",5,"20","R841X-Correction",430.617355533649,1.51617149842676
"137",1,"RAPA",5,"24","R841X-Correction",448.096175998452,1.57771311785827
"138",1,"RAPA",5,"6","R841X-Correction",507.95744754626,1.78848017732315
"139",1,"DHPG",1,"3","R841X-Correction",269.446873541419,0.948702286969892
"140",1,"DHPG",1,"4","R841X-Correction",421.473799464874,1.48397772145146
"141",1,"DHPG",1,"5","R841X-Correction",276.298662140766,0.972826922110762
"142",1,"DHPG",1,"7","R841X-Correction",333.957417600262,1.17583908717807
"143",1,"DHPG",2,"5","R841X-Correction",149.299729556651,0.525673180069793
"144",1,"DHPG",2,"8","R841X-Correction",199.891224522044,0.703802049572212
"145",1,"DHPG",2,"10","R841X-Correction",429.796922195,1.51328281401023
"146",1,"DHPG",2,"2","R841X-Correction",495.154040716794,1.74340033957824
"147",1,"DHPG",3,"10","R841X-Correction",103.426960259475,0.364158590681977
"148",1,"DHPG",3,"12","R841X-Correction",215.429484276353,0.758511099897041
"149",1,"DHPG",3,"13","R841X-Correction",314.605631789647,1.10770289686277
"150",1,"DHPG",3,"2","R841X-Correction",111.303826084008,0.391892446056405
"151",1,"DHPG",3,"7","R841X-Correction",156.871872105309,0.552334127583328
"152",1,"DHPG",3,"8","R841X-Correction",425.404575819101,1.49781769097054
"153",1,"DHPG",3,"9","R841X-Correction",166.235385176701,0.585302356711942
"154",1,"DHPG",4,"1","R841X-Correction",182.48765597996,0.642525386531717
"155",1,"DHPG",4,"11","R841X-Correction",121.403006220791,0.427450903893973
"156",1,"DHPG",4,"2","R841X-Correction",353.084761300403,1.24318503361079
"157",1,"DHPG",4,"5","R841X-Correction",488.74850902304,1.72084694162171
"158",1,"DHPG",4,"6","R841X-Correction",149.336698689171,0.525803345620086
"159",1,"DHPG",4,"8","R841X-Correction",164.317794140328,0.578550662109702
"160",1,"TG003",1,"1","R841X-Correction",408.662736077368,1.43887092553841
"161",1,"TG003",1,"10","R841X-Correction",534.495057806578,1.88191711802237
"162",1,"TG003",1,"12","R841X-Correction",259.957139956388,0.915289644854117
"163",1,"TG003",1,"20","R841X-Correction",770.240152654417,2.71195796312314
"164",1,"TG003",1,"31","R841X-Correction",565.876300591072,1.99240812653292
"165",1,"TG003",1,"28","R841X-Correction",359.364072480518,1.26529401858016
"166",1,"TG003",2,"11","R841X-Correction",257.676200495179,0.907258627626685
"167",1,"TG003",2,"12","R841X-Correction",460.510093278783,1.6214215920347
"168",1,"TG003",2,"16","R841X-Correction",348.649102891622,1.22756741214308
"169",1,"TG003",2,"16b","R841X-Correction",403.765507646915,1.42162815055008
"170",1,"TG003",2,"3","R841X-Correction",679.818071660766,2.39358857956424
"171",1,"TG003",2,"38","R841X-Correction",140.991919942604,0.496422003847312
"172",1,"TG003",2,"1","R841X-Correction",625.126267794626,2.20102282912758
"173",1,"TG003",2,"5","R841X-Correction",535.809545191561,1.88654532978054
"174",1,"TG003",3,"1","R841X-Correction",315.230391457477,1.10990262892084
"175",1,"TG003",3,"14","R841X-Correction",433.259785627193,1.52547529713096
"176",1,"TG003",3,"15","R841X-Correction",528.720628681017,1.86158578500164
"177",1,"TG003",3,"16","R841X-Correction",508.128293750458,1.78908171402875
"178",1,"TG003",3,"17","R841X-Correction",705.775547943812,2.48498291192381
"179",1,"TG003",3,"18","R841X-Correction",285.163636057966,1.00403983216846
"180",1,"TG003",3,"19","R841X-Correction",787.511157782502,2.77276788029876
"181",1,"TG003",3,"3","R841X-Correction",58.3421402762874,0.205418311889686
"182",1,"TG003",4,"10","R841X-Correction",454.594130523505,1.60059192969053
"183",1,"TG003",4,"12","R841X-Correction",336.921741878263,1.18627625122788
"184",1,"TG003",4,"14","R841X-Correction",501.722762056704,1.76652831607222
"185",1,"TG003",4,"15","R841X-Correction",281.700772625773,0.991847349047734
"186",1,"TG003",4,"16","R841X-Correction",314.442442143488,1.10712831832532
"187",1,"TG003",4,"6","R841X-Correction",581.088181053065,2.04596801978285
"188",1,"BDNF",1,"10","R841X-Correction",431.483728220538,1.51922193185216
"189",1,"BDNF",1,"11","R841X-Correction",273.734655420121,0.963799246236437
"190",1,"BDNF",1,"12","R841X-Correction",606.116174392405,2.13408971222346
"191",1,"BDNF",1,"20","R841X-Correction",315.556770749794,1.11105178599575
"192",1,"BDNF",1,"21","R841X-Correction",638.605402882844,2.24848185552672
"193",1,"BDNF",1,"23","R841X-Correction",889.571348408393,3.13211417733598
"194",1,"BDNF",3,"1","R841X-Correction",310.280880778425,1.09247577204593
"195",1,"BDNF",3,"14","R841X-Correction",481.881407307614,1.69666839014456
"196",1,"BDNF",3,"25","R841X-Correction",287.028944845741,1.01060744488413
"197",1,"BDNF",3,"6","R841X-Correction",554.752043229103,1.9532404484618
"198",1,"BDNF",3,"8","R841X-Correction",276.929764708958,0.975048987046558
"199",1,"BDNF",4,"11","R841X-Correction",707.588574482988,2.4913664427529
"200",1,"BDNF",4,"12","R841X-Correction",133.493715658986,0.470021387434361
"201",1,"BDNF",4,"18","R841X-Correction",818.685898887956,2.88253181184384
"202",1,"BDNF",4,"3","R841X-Correction",520.234316304732,1.83170611390542
"203",1,"BDNF",4,"8","R841X-Correction",1207.83365950855,4.2526919685295
"204",1,"BDNF",5,"10","R841X-Correction",351.434924407385,1.23737608131915
"205",1,"BDNF",5,"13","R841X-Correction",558.036403899058,1.96480443670878
"206",1,"BDNF",5,"15","R841X-Correction",320.186245036891,1.12735181867348
"207",1,"BDNF",5,"9","R841X-Correction",420.202624112772,1.47950200812131
"208",1,"BDNF",6,"13","R841X-Correction",264.891337519362,0.932662585392747
"209",1,"BDNF",6,"15","R841X-Correction",403.854759028033,1.42194239798694
"210",1,"BDNF",6,"2","R841X-Correction",419.645459809619,1.47754027428609
"211",1,"BDNF",6,"3","R841X-Correction",485.685963148203,1.71006394667647
"212",1,"BDNF",6,"6","R841X-Correction",527.486422461434,1.85724023722177
"213",1,"EFT508",1,"11","R841X-Correction",1023.93329454677,3.60519253934417
"214",1,"EFT508",1,"18","R841X-Correction",456.117746902883,1.605956468995
"215",1,"EFT508",1,"4","R841X-Correction",861.086834537222,3.03182233465237
"216",1,"EFT508",1,"5","R841X-Correction",659.650337619358,2.32257949656168
"217",1,"EFT508",1,"7","R841X-Correction",410.72820364382,1.44614328234182
"218",1,"EFT508",1,"7B","R841X-Correction",416.881294310296,1.46780785432402
"219",1,"EFT508",2,"12","R841X-Correction",260.56658650814,0.91743546057591
"220",1,"EFT508",2,"13","R841X-Correction",420.864352913122,1.48183190572967
"221",1,"EFT508",2,"5A","R841X-Correction",1004.73835548195,3.53760859468859
"222",1,"EFT508",2,"6","R841X-Correction",525.168513867705,1.84907905444405
"223",1,"EFT508",3,"10","R841X-Correction",288.626499490159,1.01623231528918
"224",1,"EFT508",3,"13","R841X-Correction",715.927010329193,2.52072545164796
"225",1,"EFT508",3,"14","R841X-Correction",412.430322785437,1.45213631652003
"226",1,"EFT508",3,"15","R841X-Correction",539.035280712557,1.89790290326323
"227",1,"EFT508",3,"16","R841X-Correction",162.110792944158,0.570779975982851
"228",1,"EFT508",3,"3","R841X-Correction",961.103213613103,3.3839725241002
"229",1,"EFT508",4,"1","R841X-Correction",322.3346210841,1.13491609003603
"230",1,"EFT508",4,"14","R841X-Correction",913.380448644231,3.215944238333
"231",1,"EFT508",4,"16","R841X-Correction",601.39744872419,2.11747543210886
"232",1,"EFT508",4,"17","R841X-Correction",289.897674842261,1.02070802861934
"233",1,"EFT508",4,"3","R841X-Correction",152.153146437093,0.535719847468729
"234",1,"EFT508",4,"7","R841X-Correction",179.187982193925,0.630907481948442
"235",1,"EFT508",5,"15","R841X-Correction",428.978346648854,1.51040067074214
"236",1,"EFT508",5,"18","R841X-Correction",320.617188826406,1.12886913952153
"237",1,"EFT508",5,"19","R841X-Correction",942.108433326962,3.31709332353237
"238",1,"EFT508",5,"2","R841X-Correction",726.358912658654,2.55745539943815
"239",1,"EFT508",6,"20","R841X-Correction",656.907828136474,2.31292332581361
"240",1,"EFT508",6,"28","R841X-Correction",569.576291934463,2.00543551929168
"241",1,"EFT508",6,"3","R841X-Correction",477.556656296392,1.68144126532772
"242",1,"EFT508",6,"30","R841X-Correction",722.806797845343,2.54494866888055
"243",1,"EFT508",6,"6","R841X-Correction",562.078087650845,1.97903490287873
"244",2,"DMSO",9,"10","R841X-Correction",355.665659570482,1.25227218336717
"245",2,"DMSO",9,"11","R841X-Correction",176.536964793916,0.621573447980522
"246",2,"DMSO",9,"2","R841X-Correction",364.827703582474,1.28453105500763
"247",2,"DMSO",9,"3","R841X-Correction",125.599949076092,0.442228025753931
"248",2,"DMSO",9,"4","R841X-Correction",177.876662612357,0.626290423789142
"249",2,"DMSO",9,"5","R841X-Correction",242.824494425908,0.854966881472293
"250",2,"DMSO",9,"8","R841X-Correction",193.786583852201,0.682308066404062
"251",2,"DMSO",9,"9","R841X-Correction",299.450515833158,1.0543428671907
"252",2,"DMSO",9,"12","R841X-Correction",470.811017919333,1.65769037717943
"253",2,"DMSO",9,"13","R841X-Correction",548.628265137105,1.93167908386173
"254",2,"DMSO",9,"14","R841X-Correction",226.242018633247,0.796581224584342
"255",2,"DMSO",9,"7","R841X-Correction",412.859024021021,1.45364574150344
"256",2,"DMSO",10,"13","R841X-Correction",417.169771490554,1.46882356089747
"257",2,"DMSO",10,"15","R841X-Correction",450.907205159681,1.58761054126848
"258",2,"DMSO",10,"16","R841X-Correction",433.333715008173,1.52573559695143
"259",2,"DMSO",10,"17","R841X-Correction",667.627003915933,2.35066474193303
"260",2,"DMSO",10,"2","R841X-Correction",160.05997838345,0.563559211316618
"261",2,"DMSO",10,"4","R841X-Correction",445.628411252005,1.56902430277614
"262",2,"DMSO",10,"5","R841X-Correction",1425.94412873606,5.02064261590044
"263",2,"DMSO",10,"1","R841X-Correction",201.182468098886,0.708348421620568
"264",2,"DMSO",10,"10","R841X-Correction",859.377715666405,3.02580465495123
"265",2,"DMSO",10,"3","R841X-Correction",153.098869872245,0.539049668943282
"266",2,"DMSO",10,"6","R841X-Correction",92.7036763438475,0.326402710122393
"267",2,"DMSO",10,"9","R841X-Correction",464.52246445609,1.6355488508225
"268",2,"DMSO",11,"11","R841X-Correction",272.073984940915,0.957952149698189
"269",2,"DMSO",11,"5","R841X-Correction",320.865522928976,1.12974350532116
"270",2,"DMSO",11,"7","R841X-Correction",342.864767624795,1.20720120033994
"271",2,"DMSO",11,"8","R841X-Correction",114.419580757904,0.402862785203088
"272",2,"DMSO",11,"1","R841X-Correction",392.595038869295,1.38229776554108
"273",2,"DMSO",11,"10","R841X-Correction",544.96365135679,1.9187762528563
"274",2,"DMSO",11,"2","R841X-Correction",276.991289240687,0.97526561032071
"275",2,"DMSO",11,"3","R841X-Correction",464.602473554077,1.63583055687179
"276",2,"DMSO",11,"4","R841X-Correction",121.932443674553,0.429315013566467
"277",2,"DMSO",11,"6","R841X-Correction",232.91305947454,0.820069460389135
"278",2,"DMSO",11,"9","R841X-Correction",851.941027152219,2.99962063096103
"279",2,"DMSO",12,"10","R841X-Correction",227.897267186144,0.802409230925624
"280",2,"DMSO",12,"13","R841X-Correction",290.131631303278,1.02153177181852
"281",2,"DMSO",12,"14","R841X-Correction",298.549419418634,1.05117017411766
"282",2,"DMSO",12,"15","R841X-Correction",302.367042413729,1.06461173912316
"283",2,"DMSO",12,"6","R841X-Correction",131.108210355507,0.461622201697875
"284",2,"DMSO",12,"7","R841X-Correction",213.731848036585,0.752533849680911
"285",2,"DMSO",12,"9","R841X-Correction",410.535040543855,1.44546316951554
"286",2,"IGF1",8,"7","R841X-Correction",397.827888875196,1.4007222389919
"287",2,"IGF1",8,"1","R841X-Correction",222.778498372215,0.784386428818408
"288",2,"IGF1",8,"11","R841X-Correction",208.440647155148,0.733903927162011
"289",2,"IGF1",8,"12","R841X-Correction",557.014498124053,1.96120638291409
"290",2,"IGF1",8,"13","R841X-Correction",443.566781100693,1.56176545722441
"291",2,"IGF1",8,"15","R841X-Correction",332.363034406025,1.17022538321188
"292",2,"IGF1",8,"2","R841X-Correction",160.870243824214,0.566412095325262
"293",2,"IGF1",8,"3","R841X-Correction",347.020922015045,1.22183470906545
"294",2,"IGF1",8,"4","R841X-Correction",437.970854737371,1.54206261907742
"295",2,"IGF1",8,"8","R841X-Correction",151.202007476946,0.532370958335752
"296",2,"IGF1",9,"13","R841X-Correction",794.626215417344,2.79781946602094
"297",2,"IGF1",9,"15","R841X-Correction",293.174378954178,1.03224505869819
"298",2,"IGF1",9,"8","R841X-Correction",593.731569686555,2.09048444542918
"299",2,"IGF1",9,"9","R841X-Correction",336.438515840149,1.18457484849325
"300",2,"IGF1",9,"1","R841X-Correction",286.768847260425,1.00969166074167
"301",2,"IGF1",9,"5","R841X-Correction",166.747923789295,0.587106966828725
"302",2,"IGF1",10,"2","R841X-Correction",516.091239505926,1.81711865040117
"303",2,"IGF1",10,"3","R841X-Correction",639.938374834087,2.25317515006004
"304",2,"IGF1",10,"4a","R841X-Correction",277.342223932213,0.97650122511947
"305",2,"IGF1",10,"6","R841X-Correction",292.464853013087,1.02974687093253
"306",2,"IGF1",11,"3","R841X-Correction",562.219621280563,1.97953323220218
"307",2,"IGF1",11,"4","R841X-Correction",604.510963189948,2.12843788365026
"308",2,"IGF1",11,"5","R841X-Correction",414.32494414769,1.45880713661784
"309",2,"IGF1",11,"7","R841X-Correction",1217.31125142768,4.28606186074784
"310",2,"IGF1",12,"10","R841X-Correction",903.76449454556,3.18208718323006
"311",2,"IGF1",12,"6","R841X-Correction",410.449621492242,1.4451624154242
"312",2,"IGF1",12,"8","R841X-Correction",346.571493659271,1.22025230544225
"313",2,"RAPA",6,"14","R841X-Correction",264.192639586492,0.930202522234089
"314",2,"RAPA",6,"15","R841X-Correction",505.207281505339,1.77879704840695
"315",2,"RAPA",6,"18","R841X-Correction",591.15673495769,2.08141864494785
"316",2,"RAPA",6,"24","R841X-Correction",655.852124679132,2.30920627290749
"317",2,"RAPA",6,"26","R841X-Correction",576.932962588364,2.03133780638119
"318",2,"RAPA",6,"6","R841X-Correction",374.776111721189,1.31955865591783
"319",2,"RAPA",6,"7","R841X-Correction",690.043472311187,2.42959145038897
"320",2,"RAPA",6,"1","R841X-Correction",679.818071660765,2.39358857956424
"321",2,"RAPA",6,"10b","R841X-Correction",324.794063307548,1.1435756021372
"322",2,"RAPA",6,"11","R841X-Correction",199.155557456654,0.701211820863262
"323",2,"RAPA",6,"17","R841X-Correction",474.881742178188,1.67202309280252
"324",2,"RAPA",6,"19","R841X-Correction",324.326150385514,1.14192811573886
"325",2,"RAPA",6,"2","R841X-Correction",261.30225357353,0.92002568928486
"326",2,"RAPA",6,"20","R841X-Correction",293.397507406974,1.03303067729036
"327",2,"RAPA",6,"21","R841X-Correction",448.404070724509,1.57879719215803
"328",2,"RAPA",6,"22","R841X-Correction",249.820990687086,0.879601021466261
"329",2,"RAPA",6,"24a","R841X-Correction",303.333497897599,1.06801455659048
"330",2,"RAPA",6,"24b","R841X-Correction",297.469817390919,1.04736897613288
"331",2,"RAPA",6,"25","R841X-Correction",299.58756720597,1.05482541482286
"332",2,"RAPA",6,"3a","R841X-Correction",219.249353233021,0.771960572765239
"333",2,"RAPA",6,"3b","R841X-Correction",279.583022810721,0.984390910357748
"334",2,"RAPA",6,"4","R841X-Correction",335.398125498884,1.1809117119234
"335",2,"RAPA",6,"5","R841X-Correction",167.275775517967,0.588965493281789
"336",2,"RAPA",6,"9","R841X-Correction",626.551662577168,2.20604153753662
"337",2,"RAPA",7,"1","R841X-Correction",110.962133675613,0.39068937264522
"338",2,"RAPA",7,"2","R841X-Correction",182.346122350243,0.642027057208274
"339",2,"RAPA",7,"3","R841X-Correction",499.731232755291,1.75951629036939
"340",2,"RAPA",8,"17","R841X-Correction",562.539657672518,1.98066005639936
"341",2,"RAPA",8,"24","R841X-Correction",386.866821159384,1.36212913945822
"342",2,"RAPA",8,"25","R841X-Correction",290.670311040171,1.02342842287859
"343",2,"RAPA",8,"26","R841X-Correction",394.312743194403,1.38834567398459
"344",2,"RAPA",8,"29","R841X-Correction",570.521087994248,2.00876207554694
"345",2,"RAPA",8,"3","R841X-Correction",304.841801160898,1.07332517955867
"346",2,"DHPG",5,"1","R841X-Correction",683.559517244533,2.40676192960257
"347",2,"DHPG",5,"10","R841X-Correction",266.812100005916,0.939425446433848
"348",2,"DHPG",5,"9","R841X-Correction",193.60425678389,0.681666106434702
"349",2,"DHPG",6,"1","R841X-Correction",281.080498065801,0.98966340871894
"350",2,"DHPG",6,"3","R841X-Correction",220.434448654186,0.776133205097393
"351",2,"DHPG",6,"4","R841X-Correction",244.726774928136,0.861664668829046
"352",2,"DHPG",6,"5","R841X-Correction",400.045718079584,1.40853104972574
"353",2,"DHPG",6,"6","R841X-Correction",238.59216882792,0.840065179621985
"354",2,"DHPG",6,"7","R841X-Correction",244.508131583198,0.860894841966158
"355",2,"DHPG",6,"8","R841X-Correction",294.590259386178,1.03723026779066
"356",2,"DHPG",6,"9","R841X-Correction",1287.02691864303,4.5315255102441
"357",2,"DHPG",7,"12","R841X-Correction",370.425219585667,1.3042394901577
"358",2,"DHPG",7,"15","R841X-Correction",344.613762040196,1.21335927885085
"359",2,"DHPG",7,"17","R841X-Correction",271.590764480771,0.956250766603168
"360",2,"DHPG",7,"4","R841X-Correction",331.612054224555,1.16758123816664
"361",2,"DHPG",7,"6","R841X-Correction",220.873049001739,0.777677484113588
"362",2,"DHPG",7,"10","R841X-Correction",465.444290841753,1.63879453257331
"363",2,"DHPG",7,"11","R841X-Correction",339.593484546286,1.19568325731422
"364",2,"DHPG",7,"16","R841X-Correction",312.257096963759,1.09943388141247
"365",2,"DHPG",7,"2","R841X-Correction",374.357309597571,1.31808408496719
"366",2,"DHPG",7,"7","R841X-Correction",876.161666477351,3.08489969030812
"367",2,"DHPG",8,"16","R841X-Correction",352.059027246376,1.23957350073201
"368",2,"DHPG",8,"17","R841X-Correction",154.280138535274,0.543208827546285
"369",2,"DHPG",8,"19","R841X-Correction",354.114323633444,1.24681004557362
"370",2,"DHPG",8,"5","R841X-Correction",141.940816348822,0.499762997115649
"371",2,"DHPG",8,"8","R841X-Correction",126.528777108151,0.445498359777979
"372",2,"TG003",5,"11","R841X-Correction",560.626551744002,1.9739241535264
"373",2,"TG003",5,"13","R841X-Correction",216.072728510444,0.760775914730264
"374",2,"TG003",5,"14","R841X-Correction",329.449678718945,1.15996767575822
"375",2,"TG003",5,"15","R841X-Correction",511.346372713414,1.8004123293433
"376",2,"TG003",5,"4","R841X-Correction",220.037302547011,0.77473488336077
"377",2,"TG003",5,"9","R841X-Correction",153.11194195528,0.539095694769851
"378",2,"TG003",5,"19","R841X-Correction",943.48417317626,3.32193720063567
"379",2,"TG003",5,"5","R841X-Correction",506.378377468098,1.78292038969323
"380",2,"TG003",6,"10","R841X-Correction",677.923450298511,2.38691775946643
"381",2,"TG003",6,"4","R841X-Correction",145.613737671662,0.512695078356901
"382",2,"TG003",6,"5","R841X-Correction",804.32059288891,2.83195264395373
"383",2,"TG003",6,"7","R841X-Correction",323.85058090544,1.14025367117237
"384",2,"TG003",6,"8","R841X-Correction",131.215947647957,0.462001536645786
"385",2,"TG003",6,"9","R841X-Correction",100.807499840051,0.354935666482218
"386",2,"TG003",6,"1","R841X-Correction",832.24662879925,2.9302781275117
"387",2,"TG003",6,"13","R841X-Correction",820.512924885533,2.8889646337188
"388",2,"TG003",6,"14","R841X-Correction",379.123832406529,1.33486665523909
"389",2,"TG003",6,"17","R841X-Correction",285.423733643283,1.00495561631092
"390",2,"TG003",6,"19","R841X-Correction",1710.33354287102,6.02195647059023
"391",2,"TG003",7,"3","R841X-Correction",160.5055817417,0.565128147409648
"392",2,"TG003",7,"6","R841X-Correction",334.075981555861,1.17625654199709
"393",2,"TG003",7,"7","R841X-Correction",505.341158577015,1.77926841956225
"394",2,"TG003",7,"8","R841X-Correction",893.379075699159,3.14552090030674
"395",2,"TG003",8,"5","R841X-Correction",279.612335385202,0.9844941177399
"396",2,"TG003",8,"6","R841X-Correction",216.863849274614,0.763561391764653
"397",2,"TG003",8,"9","R841X-Correction",353.218638372082,1.24365640476609
"398",2,"BDNF",7,"1","R841X-Correction",217.759534535981,0.766715032572192
"399",2,"BDNF",7,"11","R841X-Correction",365.78808874053,1.28791249931183
"400",2,"BDNF",7,"13","R841X-Correction",854.161107672835,3.00743736841092
"401",2,"BDNF",7,"6","R841X-Correction",284.558674614073,1.00190980817595
"402",2,"BDNF",7,"7","R841X-Correction",349.480364238493,1.23049422116662
"403",2,"BDNF",7,"9","R841X-Correction",150.692640314533,0.530577514657831
"404",2,"BDNF",8,"1","R841X-Correction",477.378153534153,1.68081277045398
"405",2,"BDNF",8,"10","R841X-Correction",158.510880990106,0.558104955267962
"406",2,"BDNF",8,"11","R841X-Correction",582.131742844511,2.04964232279156
"407",2,"BDNF",8,"12","R841X-Correction",628.038309824026,2.2112759112908
"408",2,"BDNF",8,"13","R841X-Correction",594.656567522402,2.09374129361886
"409",2,"BDNF",8,"15","R841X-Correction",461.947629727225,1.62648305034117
"410",2,"BDNF",8,"2","R841X-Correction",515.389370122875,1.81464742080365
"411",2,"BDNF",8,"3","R841X-Correction",286.32707546269,1.00813621528661
"412",2,"BDNF",8,"4","R841X-Correction",1003.65782455798,3.53380412612958
"413",2,"BDNF",8,"5","R841X-Correction",696.475145129236,2.45223688928877
"414",2,"BDNF",8,"8","R841X-Correction",344.015143496666,1.21125158773607
"415",2,"BDNF",8,"9","R841X-Correction",251.423030439364,0.885241683600606
"416",2,"BDNF",9,"12","R841X-Correction",333.261891117573,1.17339019045828
"417",2,"BDNF",9,"19","R841X-Correction",205.687309664046,0.72420963180695
"418",2,"BDNF",9,"8","R841X-Correction",425.249042730982,1.49727007060123
"419",2,"BDNF",11,"1","R841X-Correction",381.943451604632,1.3447943235266
"420",2,"BDNF",11,"11","R841X-Correction",540.3682526638,1.90259619779655
"421",2,"BDNF",11,"19","R841X-Correction",642.391474157168,2.26181232928347
"422",2,"BDNF",11,"24","R841X-Correction",594.367157362606,2.09272230209426
"423",2,"EFT508",7,"1","R841X-Correction",444.919551275876,1.5665284598233
"424",2,"EFT508",7,"2","R841X-Correction",363.146972304666,1.27861332589806
"425",2,"EFT508",7,"3","R841X-Correction",322.702454616795,1.1362112043905
"426",2,"EFT508",7,"4","R841X-Correction",142.303235877407,0.501039049166624
"427",2,"EFT508",7,"5","R841X-Correction",132.955035922093,0.468124736374291
"428",2,"EFT508",7,"7","R841X-Correction",587.898515412034,2.06994669764415
"429",2,"EFT508",8,"1","R841X-Correction",259.158362634179,0.912477209651588
"430",2,"EFT508",8,"10","R841X-Correction",203.848142000571,0.717734060034574
"431",2,"EFT508",8,"11","R841X-Correction",308.286180026831,1.08545257990425
"432",2,"EFT508",8,"12","R841X-Correction",675.199425381886,2.3773266714935
"433",2,"EFT508",8,"13","R841X-Correction",299.201249107016,1.05346521769324
"434",2,"EFT508",8,"15","R841X-Correction",136.124004086631,0.479282436241126
"435",2,"EFT508",8,"18","R841X-Correction",286.865755199583,1.01003286634668
"436",2,"EFT508",8,"3","R841X-Correction",250.612111451256,0.88238649850065
"437",2,"EFT508",8,"4","R841X-Correction",573.631431009824,2.01971336064947
"438",2,"EFT508",8,"6","R841X-Correction",664.98299494718,2.34135538412733
"439",2,"EFT508",8,"7","R841X-Correction",361.983532899942,1.27451694277992
"440",2,"EFT508",8,"8","R841X-Correction",344.089081761705,1.21151191883665
"441",2,"EFT508",8,"9","R841X-Correction",366.405191850322,1.29008527320176
"442",2,"EFT508",9,"10","R841X-Correction",346.58997822553,1.22031738821739
"443",2,"EFT508",9,"11","R841X-Correction",515.745061989675,1.81589978526071
"444",2,"EFT508",9,"3","R841X-Correction",453.305784262821,1.59605575887564
"445",2,"EFT508",9,"4","R841X-Correction",343.505776334253,1.20945814405814
"446",2,"EFT508",9,"5","R841X-Correction",194.32143928302,0.684191252368507
"447",2,"EFT508",9,"8","R841X-Correction",392.93066044474,1.38347946400355
"448",2,"EFT508",13,"16","R841X-Correction",523.766632894105,1.84414313639744
"449",2,"EFT508",13,"7","R841X-Correction",530.244245060396,1.86695032430612
"450",2,"EFT508",13,"8","R841X-Correction",571.672385733073,2.01281570876766
"451",3,"DMSO",13,"2","R841X-Correction",388.364292377227,1.3674016236046
"452",3,"DMSO",13,"6","R841X-Correction",249.592445847866,0.878796332182641
"453",3,"DMSO",13,"9","R841X-Correction",904.551505651836,3.18485819046641
"454",3,"DMSO",13,"1","R841X-Correction",602.128358614309,2.12004891115952
"455",3,"DMSO",13,"10","R841X-Correction",131.589195184763,0.463315713303766
"456",3,"DMSO",13,"11","R841X-Correction",309.573594287255,1.08998546921593
"457",3,"DMSO",13,"12","R841X-Correction",319.024119289846,1.12326006084575
"458",3,"DMSO",13,"3","R841X-Correction",198.794721610245,0.699941344838771
"459",3,"DMSO",13,"4","R841X-Correction",513.094703270679,1.80656807045937
"460",3,"DMSO",13,"5","R841X-Correction",220.401307800686,0.776016518631171
"461",3,"DMSO",13,"7","R841X-Correction",231.397756550479,0.81473419213898
"462",3,"DMSO",13,"8","R841X-Correction",206.161291292926,0.725878485668159
"463",3,"DMSO",14,"1","R841X-Correction",501.407210772609,1.76541728360432
"464",3,"DMSO",14,"3","R841X-Correction",332.587748583911,1.17101658502347
"465",3,"DMSO",14,"4","R841X-Correction",357.332671074237,1.25814160617855
"466",3,"DMSO",14,"5","R841X-Correction",100.551229494146,0.354033357763444
"467",3,"DMSO",14,"6","R841X-Correction",141.836907243713,0.499397140929019
"468",3,"DMSO",14,"7","R841X-Correction",772.733384772466,2.7207364469157
"469",3,"DMSO",15,"4","R841X-Correction",65.0377382879859,0.228993011654585
"470",3,"DMSO",15,"7","R841X-Correction",164.320034973105,0.578558551914295
"471",3,"DMSO",15,"1","R841X-Correction",336.228457949502,1.18383525037272
"472",3,"DMSO",15,"10","R841X-Correction",295.093552602876,1.03900232556005
"473",3,"DMSO",15,"11","R841X-Correction",377.329286608525,1.3285481937173
"474",3,"DMSO",15,"12","R841X-Correction",120.219496524717,0.423283854781251
"475",3,"DMSO",15,"13","R841X-Correction",229.260867713776,0.80721036638537
"476",3,"DMSO",15,"2","R841X-Correction",217.947279581349,0.767376068833504
"477",3,"DMSO",15,"3","R841X-Correction",384.333440670898,1.35320929625646
"478",3,"DMSO",15,"5","R841X-Correction",677.470193663715,2.38532187675915
"479",3,"DMSO",15,"8","R841X-Correction",305.112069925596,1.07427677566292
"480",3,"DMSO",15,"9","R841X-Correction",430.015565539937,1.51405264087312
"481",3,"DMSO",16,"1","R841X-Correction",205.345615139376,0.723006550944519
"482",3,"DMSO",16,"2","R841X-Correction",283.736927617745,0.999016498468993
"483",3,"DMSO",16,"3","R841X-Correction",340.273694225458,1.19807822471454
"484",3,"DMSO",16,"6","R841X-Correction",267.375332354028,0.941408545401471
"485",3,"DMSO",17,"11","R841X-Correction",316.596228804646,1.11471164005486
"486",3,"DMSO",17,"3","R841X-Correction",311.516668598949,1.09682688852441
"487",3,"DMSO",17,"7","R841X-Correction",35.3241604312062,0.12437372661229
"488",3,"DMSO",17,"8","R841X-Correction",89.7425235255094,0.31597671254483
"489",3,"DMSO",17,"9","R841X-Correction",378.702126544949,1.33338186044429
"490",3,"DMSO",18,"1","R841X-Correction",194.161419114476,0.683627833324655
"491",3,"DMSO",18,"2","R841X-Correction",366.368215206646,1.28995508120525
"492",3,"DMSO",18,"3","R841X-Correction",432.600294923961,1.52315327969513
"493",3,"DMSO",18,"9","R841X-Correction",483.11019438492,1.70099485752982
"494",3,"IGF1",13,"14","R841X-Correction",725.9464534354,2.55600316136524
"495",3,"IGF1",13,"7","R841X-Correction",520.211346630613,1.83162523940099
"496",3,"IGF1",13,"10","R841X-Correction",156.75330814971,0.551916672764311
"497",3,"IGF1",13,"13","R841X-Correction",747.126578901268,2.63057679884591
"498",3,"IGF1",13,"15","R841X-Correction",555.677041064951,1.95649729665149
"499",3,"IGF1",13,"2","R841X-Correction",152.970408325562,0.538597365446405
"500",3,"IGF1",13,"3","R841X-Correction",197.505720563637,0.695402868571626
"501",3,"IGF1",13,"5","R841X-Correction",145.847694132679,0.513518821556074
"502",3,"IGF1",14,"15","R841X-Correction",482.535479549925,1.69897132958478
"503",3,"IGF1",14,"1","R841X-Correction",194.923229276732,0.686310109922155
"504",3,"IGF1",14,"10","R841X-Correction",305.220462701814,1.07465841852015
"505",3,"IGF1",14,"12","R841X-Correction",205.884296992543,0.724903209455831
"506",3,"IGF1",14,"13","R841X-Correction",289.656061823205,1.01985732725203
"507",3,"IGF1",14,"17","R841X-Correction",306.413214681018,1.07885800902044
"508",3,"IGF1",14,"2","R841X-Correction",414.845139318324,1.46063870490277
"509",3,"IGF1",14,"3","R841X-Correction",696.716758148294,2.45308759065609
"510",3,"IGF1",14,"4","R841X-Correction",777.82443686897,2.73866166053409
"511",3,"IGF1",14,"5","R841X-Correction",521.107031891981,1.83477888020853
"512",3,"IGF1",14,"8","R841X-Correction",249.613175350369,0.878869319210378
"513",3,"IGF1",15,"10","R841X-Correction",349.845026321007,1.23177816908223
"514",3,"IGF1",15,"11","R841X-Correction",493.693534594234,1.73825800676734
"515",3,"IGF1",15,"12","R841X-Correction",1060.23473543583,3.73300719734747
"516",3,"IGF1",15,"14","R841X-Correction",677.623212130493,2.38586064333481
"517",3,"IGF1",15,"16","R841X-Correction",377.421713264913,1.32887362106088
"518",3,"IGF1",15,"9","R841X-Correction",133.604623056546,0.470411884085237
"519",3,"RAPA",9,"19","R841X-Correction",343.721248229011,1.21021680448217
"520",3,"RAPA",9,"24a","R841X-Correction",480.788734717749,1.69282117168813
"521",3,"RAPA",9,"9","R841X-Correction",350.420675190419,1.23380498569259
"522",3,"RAPA",9,"10","R841X-Correction",733.790835235271,2.58362264291865
"523",3,"RAPA",9,"12","R841X-Correction",153.08580083098,0.539003653826561
"524",3,"RAPA",9,"14","R841X-Correction",250.482719487437,0.881930919074631
"525",3,"RAPA",9,"18","R841X-Correction",325.871422781334,1.14736890425734
"526",3,"RAPA",9,"21","R841X-Correction",265.248343043836,0.933919575140217
"527",3,"RAPA",9,"22","R841X-Correction",206.386007596916,0.726669694965608
"528",3,"RAPA",9,"3","R841X-Correction",396.742872843369,1.39690197870361
"529",3,"RAPA",9,"4a","R841X-Correction",134.214069608297,0.472557699807026
"530",3,"RAPA",9,"4b","R841X-Correction",208.091298188713,0.732673895582682
"531",3,"RAPA",9,"6","R841X-Correction",216.622236255557,0.762710690397336
"532",3,"RAPA",9,"7","R841X-Correction",597.882303043397,2.10509886710155
"533",3,"RAPA",9,"8","R841X-Correction",238.562856253439,0.839961972239833
"534",3,"RAPA",10,"1","R841X-Correction",214.19976316463,0.754181343846457
"535",3,"RAPA",10,"3","R841X-Correction",562.825896382133,1.98166788148511
"536",3,"RAPA",10,"4","R841X-Correction",142.644928285802,0.502242122577809
"537",3,"RAPA",10,"5","R841X-Correction",507.013965144152,1.78515824635832
"538",3,"RAPA",11,"11","R841X-Correction",576.655694094461,2.03036156475399
"539",3,"RAPA",11,"12","R841X-Correction",378.877734279614,1.33400016214249
"540",3,"RAPA",11,"15","R841X-Correction",343.922720665366,1.21092617386034
"541",3,"RAPA",11,"19","R841X-Correction",426.21866625739,1.50068404250935
"542",3,"RAPA",11,"24","R841X-Correction",236.765142830343,0.833632357747032
"543",3,"RAPA",12,"17","R841X-Correction",318.399359622015,1.12106032878768
"544",3,"RAPA",12,"8","R841X-Correction",174.792464367845,0.615431192469886
"545",3,"RAPA",12,"9a","R841X-Correction",571.724667981673,2.01299979065424
"546",3,"RAPA",12,"9b","R841X-Correction",479.009505860913,1.68655663997048
"547",3,"DHPG",9,"1","R841X-Correction",171.161926181635,0.602648339082427
"548",3,"DHPG",9,"10","R841X-Correction",134.292492981196,0.472833822636894
"549",3,"DHPG",9,"3","R841X-Correction",420.370298866788,1.48009237838803
"550",3,"DHPG",9,"4","R841X-Correction",371.447125360673,1.3078375439524
"551",3,"DHPG",9,"5","R841X-Correction",238.124255905886,0.838417693223638
"552",3,"DHPG",9,"8","R841X-Correction",117.03362951901,0.412066655358703
"553",3,"DHPG",9,"9","R841X-Correction",708.915203533867,2.49603740440849
"554",3,"DHPG",11,"10","R841X-Correction",456.727193454635,1.60810228471679
"555",3,"DHPG",11,"11","R841X-Correction",286.731878127905,1.00956149519137
"556",3,"DHPG",11,"2","R841X-Correction",468.542492191435,1.64970306777844
"557",3,"DHPG",11,"4","R841X-Correction",340.470685241394,1.19877181534662
"558",3,"DHPG",11,"7","R841X-Correction",403.467127271399,1.4205775755669
"559",3,"DHPG",11,"9","R841X-Correction",593.528239457695,2.08976853490257
"560",3,"DHPG",11,"5","R841X-Correction",243.67555657865,0.857963407652198
"561",3,"DHPG",12,"1","R841X-Correction",336.007572050635,1.18305752764519
"562",3,"DHPG",12,"2","R841X-Correction",45.4787946401821,0.160127434090055
"563",3,"DHPG",12,"3","R841X-Correction",329.646666047442,1.1606612534071
"564",3,"DHPG",12,"4","R841X-Correction",204.531526817362,0.720140206856947
"565",3,"TG003",9,"10","R841X-Correction",552.474275218074,1.94522059767322
"566",3,"TG003",9,"14","R841X-Correction",386.175779784554,1.3596960344677
"567",3,"TG003",9,"14b","R841X-Correction",158.306237103569,0.557384419450937
"568",3,"TG003",9,"15","R841X-Correction",477.225791896217,1.68027631652354
"569",3,"TG003",9,"3","R841X-Correction",428.659623914577,1.50927847183538
"570",3,"TG003",9,"6","R841X-Correction",578.379469252517,2.03643084814621
"571",3,"TG003",10,"11","R841X-Correction",463.378823275304,1.63152217576992
"572",3,"TG003",10,"14","R841X-Correction",289.566810442086,1.01954307981516
"573",3,"TG003",10,"16","R841X-Correction",322.583890661197,1.13579374957149
"574",3,"TG003",10,"17","R841X-Correction",504.145235147631,1.77505766262309
"575",3,"TG003",10,"18","R841X-Correction",120.381100445785,0.423852850099272
"576",3,"TG003",10,"19","R841X-Correction",204.62843475652,0.720481412461957
"577",3,"TG003",10,"20","R841X-Correction",587.396804807658,2.06818021213436
"578",3,"TG003",10,"3","R841X-Correction",262.305674782276,0.923558660304415
"579",3,"TG003",10,"4","R841X-Correction",174.929512889704,0.615913730064049
"580",3,"TG003",10,"5","R841X-Correction",596.396969454214,2.09986911863778
"581",3,"TG003",10,"7","R841X-Correction",360.233616617586,1.26835561844441
"582",3,"TG003",10,"9","R841X-Correction",870.159623791139,3.06376694696595
"583",3,"TG003",11,"10","R841X-Correction",93.5324240092293,0.329320668661436
"584",3,"TG003",11,"11","R841X-Correction",74.1742952982521,0.261162145468408
"585",3,"TG003",11,"15","R841X-Correction",311.886091980883,1.09812760061913
"586",3,"TG003",11,"16","R841X-Correction",116.568888047157,0.410430335399218
"587",3,"TG003",11,"14","R841X-Correction",617.437419082872,2.17395096794347
"588",3,"TG003",11,"18","R841X-Correction",899.922969572451,3.16856146114786
"589",3,"TG003",11,"2","R841X-Correction",1036.93817381259,3.65098174646724
"590",3,"TG003",11,"3","R841X-Correction",913.514325715909,3.21641560948831
"591",3,"TG003",11,"4","R841X-Correction",313.934388638754,1.10533949993782
"592",3,"TG003",11,"7","R841X-Correction",256.297289195699,0.902403584084515
"593",3,"TG003",11,"9","R841X-Correction",420.073232148952,1.47904642869528
"594",3,"BDNF",12,"1","R841X-Correction",613.223562897109,2.15911429551208
"595",3,"BDNF",12,"10","R841X-Correction",445.332001369085,1.56798066575
"596",3,"BDNF",12,"14","R841X-Correction",310.083887092694,1.09178217201371
"597",3,"BDNF",12,"15","R841X-Correction",106.098700752299,0.373565589109601
"598",3,"BDNF",12,"16","R841X-Correction",170.694009760091,0.601000840362568
"599",3,"BDNF",12,"3","R841X-Correction",472.856405500096,1.66489203385522
"600",3,"BDNF",12,"6","R841X-Correction",166.183099521073,0.585118262829471
"601",3,"BDNF",12,"7","R841X-Correction",229.530202876472,0.808158675346809
"602",3,"BDNF",12,"9","R841X-Correction",279.976991727724,0.985778045445431
"603",3,"BDNF",13,"1","R841X-Correction",138.267892191261,0.486830905893557
"604",3,"BDNF",13,"10a","R841X-Correction",175.717458601193,0.618688027975443
"605",3,"BDNF",13,"10b","R841X-Correction",250.34118072531,0.881432571680356
"606",3,"BDNF",13,"4","R841X-Correction",925.068194244282,3.2570959163412
"607",3,"BDNF",13,"5","R841X-Correction",414.198715142293,1.45836269373183
"608",3,"BDNF",13,"6","R841X-Correction",483.720565054016,1.70314392699966
"609",3,"BDNF",13,"7","R841X-Correction",527.612632158139,1.85768461212332
"610",3,"BDNF",13,"8","R841X-Correction",281.91623874078,0.992605989121694
"611",3,"BDNF",13,"9","R841X-Correction",423.000578622221,1.48935339666059
"612",3,"BDNF",13,"3","R841X-Correction",798.869371605486,2.81275930156905
"613",3,"BDNF",14,"1","R841X-Correction",657.729561648257,2.31581658804249
"614",3,"BDNF",14,"11","R841X-Correction",466.116838094159,1.64116252114214
"615",3,"BDNF",14,"14","R841X-Correction",309.025012206877,1.08805395274515
"616",3,"BDNF",14,"2","R841X-Correction",742.13559876683,2.61300393112052
"617",3,"BDNF",14,"3","R841X-Correction",195.372653627043,0.68789249944242
"618",3,"BDNF",14,"6","R841X-Correction",515.229341363844,1.81408397151334
"619",3,"BDNF",14,"7","R841X-Correction",343.739725748036,1.21028186244453
"620",3,"BDNF",14,"5","R841X-Correction",642.428443289691,2.26194249483377
"621",3,"BDNF",15,"1","R841X-Correction",283.789209866344,0.999200580355568
"622",3,"BDNF",15,"12","R841X-Correction",347.325645290921,1.22290761692634
"623",3,"BDNF",15,"5","R841X-Correction",167.472762846465,0.589659070930673
"624",3,"BDNF",15,"6","R841X-Correction",1109.51491446643,3.90651902153061
"625",3,"BDNF",15,"9","R841X-Correction",610.214625500649,2.14852005200926
"626",3,"EFT508",14,"1","R841X-Correction",203.725088760411,0.717300798780418
"627",3,"EFT508",14,"10","R841X-Correction",741.670857304504,2.61136761119458
"628",3,"EFT508",14,"11","R841X-Correction",156.099232707106,0.549613722056094
"629",3,"EFT508",14,"12","R841X-Correction",196.770049464134,0.692812625658865
"630",3,"EFT508",14,"2","R841X-Correction",400.533421013959,1.41024821527724
"631",3,"EFT508",14,"7","R841X-Correction",137.978482037397,0.485811914389836
"632",3,"EFT508",14,"9","R841X-Correction",812.502181989317,2.86075940718905
"633",3,"EFT508",15,"10","R841X-Correction",540.141941687017,1.90179937377548
"634",3,"EFT508",15,"3","R841X-Correction",372.929279854006,1.31305609905748
"635",3,"EFT508",15,"4","R841X-Correction",841.98112959151,2.96455257665541
"636",3,"EFT508",15,"8","R841X-Correction",64.6660758211996,0.22768441590958
"637",3,"EFT508",15,"9","R841X-Correction",495.922181639617,1.74610490631015
"638",3,"EFT508",15,"2","R841X-Correction",538.01337493755,1.89430484946853
"639",3,"EFT508",16,"1","R841X-Correction",1130.33538391872,3.97982633708994
"640",3,"EFT508",16,"10","R841X-Correction",143.020415444381,0.503564184776526
"641",3,"EFT508",16,"2","R841X-Correction",498.315342107,1.75453104530613
"642",3,"EFT508",16,"3","R841X-Correction",382.739049629875,1.34759556466232
"643",3,"EFT508",16,"5","R841X-Correction",507.500352227848,1.786870778898
"644",3,"EFT508",16,"6","R841X-Correction",576.227909941504,2.02885536874991
"645",3,"EFT508",16,"8","R841X-Correction",271.82471536893,0.957074490180725
"646",3,"EFT508",16,"9","R841X-Correction",300.861907840085,1.05931227287422
"647",3,"EFT508",16,"7","R841X-Correction",300.063136686044,1.05649985938935
"648",3,"EFT508",18,"3","R841X-Correction",392.666069701261,1.38254785978729
"649",3,"EFT508",18,"7","R841X-Correction",531.600175787073,1.87172445497041
"650",3,"EFT508",18,"9","R841X-Correction",537.593248134704,1.89282561442142
"651",3,"EFT508",18,"6","R841X-Correction",923.318296927358,3.25093465878156
"652",1,"DMSO",1,"12","R841X-Mutant",1162.64744647835,3.15528602124263
"653",1,"DMSO",1,"2","R841X-Mutant",190.241472741036,0.51629258845285
"654",1,"DMSO",1,"3","R841X-Mutant",112.69356539171,0.305836849030637
"655",1,"DMSO",1,"5","R841X-Mutant",992.433487806675,2.69334570903201
"656",1,"DMSO",1,"8","R841X-Mutant",326.890157106159,0.887140763369904
"657",1,"DMSO",2,"14","R841X-Mutant",559.199831839258,1.51760141720356
"658",1,"DMSO",2,"10","R841X-Mutant",541.602458883382,1.4698442530981
"659",1,"DMSO",2,"12","R841X-Mutant",867.764605482189,2.35500928308113
"660",1,"DMSO",2,"16","R841X-Mutant",666.189740025947,1.80795922320747
"661",1,"DMSO",2,"4","R841X-Mutant",380.056486800415,1.03142781908331
"662",1,"DMSO",2,"5","R841X-Mutant",503.42488119832,1.36623487644703
"663",1,"DMSO",2,"8","R841X-Mutant",710.698909840622,1.92875178311782
"664",1,"DMSO",2,"9","R841X-Mutant",304.350915142098,0.825971958231233
"665",1,"DMSO",3,"25","R841X-Mutant",180.391560247404,0.489561104806831
"666",1,"DMSO",3,"7","R841X-Mutant",211.160184893688,0.573063469632341
"667",1,"DMSO",3,"13","R841X-Mutant",494.704612361019,1.34256911048576
"668",1,"DMSO",3,"16","R841X-Mutant",749.165905343423,2.033146605088
"669",1,"DMSO",3,"19","R841X-Mutant",415.309880790178,1.12710131115881
"670",1,"DMSO",3,"22","R841X-Mutant",606.071542970309,1.64480563149182
"671",1,"DMSO",3,"23","R841X-Mutant",536.689917336849,1.45651220328583
"672",1,"DMSO",3,"24","R841X-Mutant",242.769040392903,0.658846120431815
"673",1,"DMSO",3,"6","R841X-Mutant",540.651314351134,1.46726296067289
"674",1,"DMSO",3,"8","R841X-Mutant",319.692187673265,0.867606335799677
"675",1,"DMSO",4,"12","R841X-Mutant",516.306705987644,1.40119460719685
"676",1,"DMSO",4,"13","R841X-Mutant",449.202844230321,1.21908275754232
"677",1,"DMSO",4,"6","R841X-Mutant",408.105567252041,1.10754966644624
"678",1,"DMSO",4,"7","R841X-Mutant",384.34426482653,1.04306433547438
"679",1,"DMSO",4,"1","R841X-Mutant",298.250110146868,0.809415103633493
"680",1,"DMSO",4,"15","R841X-Mutant",912.269291488106,2.47578967447115
"681",1,"DMSO",4,"17","R841X-Mutant",931.73066145495,2.52860550337665
"682",1,"DMSO",4,"2","R841X-Mutant",991.243907277654,2.69011732984816
"683",1,"DMSO",4,"4","R841X-Mutant",581.797706994156,1.5789293458048
"684",1,"DMSO",5,"3","R841X-Mutant",658.197481345284,1.78626918968128
"685",1,"DMSO",5,"7","R841X-Mutant",273.92398322567,0.74339690657993
"686",1,"DMSO",5,"10","R841X-Mutant",563.769378784241,1.53000262071765
"687",1,"DMSO",5,"11","R841X-Mutant",452.179309334912,1.22716052760553
"688",1,"DMSO",5,"12","R841X-Mutant",646.337556128974,1.75408277206917
"689",1,"DMSO",5,"4","R841X-Mutant",678.536068300443,1.84146568050558
"690",1,"DMSO",5,"8","R841X-Mutant",303.938456226517,0.824852594098443
"691",1,"DMSO",5,"9","R841X-Mutant",366.226689088084,0.993895403276168
"692",1,"DMSO",6,"11","R841X-Mutant",681.66805981111,1.8499655306211
"693",1,"DMSO",6,"2","R841X-Mutant",445.56913388039,1.20922130254398
"694",1,"DMSO",6,"6","R841X-Mutant",1384.92104977652,3.75850997834356
"695",1,"DMSO",6,"1","R841X-Mutant",488.707054782661,1.32629245702051
"696",1,"DMSO",6,"10","R841X-Mutant",772.964161723992,2.09773222467114
"697",1,"DMSO",6,"4","R841X-Mutant",459.257402492941,1.24636962531287
"698",1,"DMSO",6,"5","R841X-Mutant",632.586182769767,1.71676319057039
"699",1,"DMSO",6,"8","R841X-Mutant",756.921035762176,2.05419310089146
"700",1,"DMSO",7,"13","R841X-Mutant",591.975298367361,1.60655011071257
"701",1,"DMSO",7,"14","R841X-Mutant",79.5024666426559,0.215760179417857
"702",1,"DMSO",7,"15","R841X-Mutant",404.504346162485,1.09777638341216
"703",1,"DMSO",7,"16","R841X-Mutant",119.322225538259,0.323826239334059
"704",1,"DMSO",7,"7","R841X-Mutant",429.409290438368,1.16536542149206
"705",1,"DMSO",7,"8","R841X-Mutant",623.193363642173,1.69127220361374
"706",1,"DMSO",7,"9","R841X-Mutant",237.351617752164,0.644143883755284
"707",1,"IGF1",4,"5","R841X-Mutant",835.717148789486,2.2680363211354
"708",1,"IGF1",4,"7","R841X-Mutant",1013.93867890719,2.75170822388476
"709",1,"IGF1",4,"8","R841X-Mutant",729.815433190485,1.98063173957692
"710",1,"IGF1",4,"4","R841X-Mutant",670.863846362446,1.82064418839621
"711",1,"IGF1",6,"1","R841X-Mutant",1476.23117249299,4.00631472317649
"712",1,"IGF1",6,"12","R841X-Mutant",1058.19858044387,2.87182429952167
"713",1,"IGF1",6,"19","R841X-Mutant",760.587229423228,2.0641427117085
"714",1,"IGF1",6,"2","R841X-Mutant",426.15555600057,1.15653517564279
"715",1,"IGF1",6,"30","R841X-Mutant",738.858909869923,2.00517465293943
"716",1,"IGF1",7,"10","R841X-Mutant",515.180241128482,1.39813751638716
"717",1,"IGF1",7,"13","R841X-Mutant",906.023777990332,2.45884009831657
"718",1,"IGF1",7,"14","R841X-Mutant",1129.31481497514,3.06482524867407
"719",1,"IGF1",7,"17","R841X-Mutant",498.579935016466,1.35308627236452
"720",1,"IGF1",7,"18","R841X-Mutant",280.534161770869,0.76133614002921
"721",1,"IGF1",7,"21","R841X-Mutant",1112.03746694669,3.01793659392027
"722",1,"IGF1",7,"22","R841X-Mutant",1244.74323329169,3.37808416122881
"723",1,"IGF1",7,"23","R841X-Mutant",420.701163266964,1.14173260655889
"724",1,"IGF1",7,"24","R841X-Mutant",729.489053898169,1.97974598523945
"725",1,"IGF1",7,"7","R841X-Mutant",1204.54667152324,3.2689955034124
"726",1,"IGF1",7,"8","R841X-Mutant",395.405415784268,1.07308297534799
"727",1,"IGF1",7,"9","R841X-Mutant",679.313189606212,1.84357469472165
"728",1,"RAPA",1,"3","R841X-Mutant",697.467738329764,1.89284396717643
"729",1,"RAPA",1,"1","R841X-Mutant",667.905864984807,1.81261658095576
"730",1,"RAPA",1,"2","R841X-Mutant",221.54560581031,0.601248259047392
"731",1,"RAPA",1,"4","R841X-Mutant",1423.55889684506,3.86336847101522
"732",1,"RAPA",1,"5a","R841X-Mutant",431.34219459082,1.1706110920271
"733",1,"RAPA",1,"6","R841X-Mutant",687.49477870662,1.8657785483475
"734",1,"RAPA",1,"7","R841X-Mutant",483.977501106224,1.31345701438725
"735",1,"RAPA",2,"10","R841X-Mutant",688.609107312925,1.86880270281943
"736",1,"RAPA",2,"2","R841X-Mutant",197.668910209795,0.536449764809119
"737",1,"RAPA",2,"3","R841X-Mutant",575.329065043583,1.56137422573389
"738",1,"RAPA",2,"6","R841X-Mutant",378.165036888342,1.02629465039531
"739",1,"RAPA",2,"8","R841X-Mutant",592.55413082343,1.60812099272225
"740",1,"RAPA",2,"9","R841X-Mutant",179.277233575044,0.486536955583398
"741",1,"RAPA",3,"2","R841X-Mutant",218.996912205744,0.594331409638505
"742",1,"RAPA",3,"4","R841X-Mutant",117.509198999083,0.318905902294201
"743",1,"RAPA",3,"5","R841X-Mutant",1137.62262458919,3.08737164966756
"744",1,"RAPA",4,"1","R841X-Mutant",326.443900200565,0.885929675537245
"745",1,"RAPA",4,"2","R841X-Mutant",351.93980646194,0.955122513717987
"746",1,"RAPA",4,"3","R841X-Mutant",156.530179696913,0.424804173781381
"747",1,"RAPA",4,"5","R841X-Mutant",312.161502682279,0.847168958025001
"748",1,"RAPA",5,"1","R841X-Mutant",716.639707720464,1.94487439755444
"749",1,"RAPA",5,"10","R841X-Mutant",441.128994893687,1.1971712967408
"750",1,"RAPA",5,"11","R841X-Mutant",580.601783564768,1.57568375274849
"751",1,"RAPA",5,"2","R841X-Mutant",585.071239655892,1.58781332166433
"752",1,"RAPA",5,"4","R841X-Mutant",500.887015601975,1.35934741295653
"753",1,"RAPA",5,"5","R841X-Mutant",696.713586698113,1.89079728990685
"754",1,"RAPA",5,"6","R841X-Mutant",523.38797135319,1.42041231389572
"755",1,"RAPA",5,"8","R841X-Mutant",551.013769095515,1.49538542264512
"756",1,"RAPA",5,"3","R841X-Mutant",1056.7903565699,2.86800254846741
"757",1,"DHPG",1,"10","R841X-Mutant",274.165599209636,0.74405262344322
"758",1,"DHPG",1,"12","R841X-Mutant",238.124255905885,0.646240731233254
"759",1,"DHPG",1,"16","R841X-Mutant",717.383031343894,1.94689168890564
"760",1,"DHPG",1,"19","R841X-Mutant",213.816616515856,0.58027270712665
"761",1,"DHPG",1,"5","R841X-Mutant",309.723716475273,0.840553098019423
"762",1,"DHPG",1,"6","R841X-Mutant",293.813138080409,0.79737369247283
"763",1,"DHPG",1,"8","R841X-Mutant",544.689832224841,1.4782230148424
"764",1,"DHPG",1,"9","R841X-Mutant",170.560136187923,0.462879796558359
"765",1,"DHPG",2,"2","R841X-Mutant",240.383539350654,0.65237215610577
"766",1,"DHPG",2,"14","R841X-Mutant",275.399805429218,0.747402111410337
"767",1,"DHPG",2,"3","R841X-Mutant",199.623470378688,0.541754207180936
"768",1,"DHPG",2,"4","R841X-Mutant",499.515760860535,1.35562599170339
"769",1,"DHPG",3,"12","R841X-Mutant",441.262871965366,1.1975346230906
"770",1,"DHPG",3,"13","R841X-Mutant",505.579600145892,1.37208252578868
"771",1,"DHPG",3,"14","R841X-Mutant",135.39599357928,0.367448522049385
"772",1,"DHPG",3,"4","R841X-Mutant",665.587956391077,1.80632605444537
"773",1,"DHPG",3,"5","R841X-Mutant",606.777903192756,1.64672260859662
"774",1,"DHPG",3,"10","R841X-Mutant",777.4552896786,2.10992060843073
"775",1,"DHPG",3,"6","R841X-Mutant",574.734931607911,1.55976181869682
"776",1,"DHPG",4,"10","R841X-Mutant",689.360087494395,1.87084077315279
"777",1,"DHPG",4,"15","R841X-Mutant",502.636931884331,1.36409647631257
"778",1,"DHPG",4,"16","R841X-Mutant",128.11326119042,0.347684057961303
"779",1,"DHPG",4,"13","R841X-Mutant",527.738863488711,1.43222011442608
"780",1,"DHPG",4,"19","R841X-Mutant",1120.64999983662,3.04130997741446
"781",1,"TG003",1,"1","R841X-Mutant",340.972395845767,0.92535827391231
"782",1,"TG003",1,"10","R841X-Mutant",306.097663396921,0.830712423939706
"783",1,"TG003",1,"11","R841X-Mutant",128.938179636928,0.349922787896862
"784",1,"TG003",1,"12","R841X-Mutant",738.086273672013,2.0030778107693
"785",1,"TG003",1,"15","R841X-Mutant",456.400814162319,1.23861718646706
"786",1,"TG003",1,"17","R841X-Mutant",742.469649832195,2.01497376905482
"787",1,"TG003",1,"18","R841X-Mutant",395.694825944065,1.07386839988436
"788",1,"TG003",1,"19","R841X-Mutant",481.518058882777,1.3067823825449
"789",1,"TG003",1,"5","R841X-Mutant",828.345165019507,2.24802963948078
"790",1,"TG003",1,"7","R841X-Mutant",830.724326077553,2.25448639784849
"791",1,"TG003",2,"14","R841X-Mutant",1322.42184626251,3.58889462006459
"792",1,"TG003",2,"18","R841X-Mutant",414.117128810973,1.12386432503874
"793",1,"TG003",2,"27","R841X-Mutant",586.66879430031,1.59214889377002
"794",1,"TG003",2,"28","R841X-Mutant",819.197123842872,2.22320295058741
"795",1,"TG003",2,"29","R841X-Mutant",975.318015766712,2.64689636633724
"796",1,"TG003",2,"7","R841X-Mutant",226.873778030278,0.615708280763658
"797",1,"TG003",2,"11","R841X-Mutant",949.301914334704,2.57629178072164
"798",1,"TG003",3,"10","R841X-Mutant",268.012508543159,0.727353871791393
"799",1,"TG003",3,"11","R841X-Mutant",309.277459569679,0.839342010186762
"800",1,"TG003",3,"12","R841X-Mutant",490.167560905221,1.33025609584018
"801",1,"TG003",3,"13","R841X-Mutant",721.046053554766,1.95683269278646
"802",1,"TG003",3,"15","R841X-Mutant",627.167452029282,1.70205740386771
"803",1,"TG003",3,"20","R841X-Mutant",804.311622673195,2.18280548194622
"804",1,"TG003",3,"6","R841X-Mutant",117.813922274959,0.319732884794898
"805",1,"TG003",3,"9","R841X-Mutant",498.266241524873,1.35223494577194
"806",1,"TG003",3,"17","R841X-Mutant",643.650507843377,1.74679044461459
"807",1,"TG003",3,"19","R841X-Mutant",819.569442483426,2.22421337881787
"808",1,"TG003",4,"11","R841X-Mutant",641.295630117127,1.74039958830309
"809",1,"TG003",4,"12","R841X-Mutant",726.715918183128,1.97222002680452
"810",1,"TG003",4,"13","R841X-Mutant",649.572813499017,1.76286287336792
"811",1,"TG003",4,"16","R841X-Mutant",1199.67372642458,3.25577091362066
"812",1,"TG003",4,"5","R841X-Mutant",421.273640686196,1.14328624175919
"813",1,"TG003",4,"6","R841X-Mutant",604.740434543106,1.64119316253071
"814",1,"TG003",4,"7","R841X-Mutant",231.272467306539,0.627645797013503
"815",1,"BDNF",1,"14","R841X-Mutant",536.366709494714,1.45563505588459
"816",1,"BDNF",1,"15","R841X-Mutant",214.961571354319,0.583379977527234
"817",1,"BDNF",1,"17","R841X-Mutant",1036.2547889958,2.81227147581842
"818",1,"BDNF",1,"2","R841X-Mutant",565.103664393162,1.53362371216969
"819",1,"BDNF",1,"22","R841X-Mutant",755.058898424583,2.0491394830224
"820",1,"BDNF",3,"13","R841X-Mutant",1036.52254313916,2.81299812851803
"821",1,"BDNF",3,"14","R841X-Mutant",412.467291917956,1.11938686516762
"822",1,"BDNF",3,"15","R841X-Mutant",353.983618011952,0.960669173656337
"823",1,"BDNF",3,"9","R841X-Mutant",1262.8761259988,3.42729466184681
"824",1,"BDNF",4,"12","R841X-Mutant",402.583583675931,1.09256366390522
"825",1,"BDNF",4,"16A","R841X-Mutant",774.632499030317,2.1022598924498
"826",1,"BDNF",4,"16B","R841X-Mutant",789.80741035979,2.14344278562736
"827",1,"BDNF",4,"1A","R841X-Mutant",789.755128111191,2.14330089786193
"828",1,"BDNF",4,"1B","R841X-Mutant",680.910744250629,1.84791026682734
"829",1,"BDNF",4,"4","R841X-Mutant",970.771449960371,2.63455753088298
"830",1,"BDNF",4,"6","R841X-Mutant",444.079319713287,1.20517812519908
"831",1,"BDNF",4,"7A","R841X-Mutant",308.467854239249,0.837144838215528
"832",1,"BDNF",4,"8","R841X-Mutant",426.481935292887,1.15742092998027
"833",1,"BDNF",4,"17","R841X-Mutant",618.496293990398,1.67852491873565
"834",1,"BDNF",5,"12","R841X-Mutant",399.425443519613,1.08399284949494
"835",1,"BDNF",5,"13","R841X-Mutant",780.480866420917,2.11813166160093
"836",1,"BDNF",5,"15","R841X-Mutant",316.827946101896,0.859833126974442
"837",1,"BDNF",5,"9","R841X-Mutant",805.902834417252,2.18712384017947
"838",1,"BDNF",6,"10a","R841X-Mutant",487.551271935977,1.32315580070154
"839",1,"BDNF",6,"10b","R841X-Mutant",360.426118838225,0.978153349844533
"840",1,"BDNF",6,"12","R841X-Mutant",891.606189742689,2.41971248934481
"841",1,"BDNF",6,"13","R841X-Mutant",887.207500466427,2.40777497309497
"842",1,"EFT508",1,"10","R841X-Mutant",790.854143601417,2.14628349436954
"843",1,"EFT508",1,"2","R841X-Mutant",504.055983766513,1.3679476132852
"844",1,"EFT508",1,"7","R841X-Mutant",207.983562241335,0.56444249593985
"845",1,"EFT508",1,"8","R841X-Mutant",567.169131959615,1.53922914394482
"846",1,"EFT508",2,"18","R841X-Mutant",617.954442803324,1.67705439946401
"847",1,"EFT508",2,"31","R841X-Mutant",845.533261666834,2.29467607666804
"848",1,"EFT508",2,"32","R841X-Mutant",645.709632509467,1.75237866251727
"849",1,"EFT508",3,"20","R841X-Mutant",351.003980617872,0.95258279437912
"850",1,"EFT508",3,"21","R841X-Mutant",561.410015950133,1.52359959236022
"851",1,"EFT508",3,"23","R841X-Mutant",481.354869236619,1.30633950537616
"852",1,"EFT508",3,"24","R841X-Mutant",961.229434126741,2.60866164192238
"853",1,"EFT508",4,"14","R841X-Mutant",209.544147753233,0.568677738244437
"854",1,"EFT508",4,"17","R841X-Mutant",429.670701681362,1.1660748603192
"855",1,"EFT508",4,"18","R841X-Mutant",606.420897668281,1.64575373833049
"856",1,"EFT508",4,"2","R841X-Mutant",485.285645590846,1.31700716195657
"857",1,"EFT508",4,"7","R841X-Mutant",397.44922733428,1.07862963528634
"858",1,"EFT508",5,"11","R841X-Mutant",365.554132279514,0.992070164590958
"859",1,"EFT508",5,"2","R841X-Mutant",596.410968912617,1.61858798970046
"860",1,"EFT508",5,"8","R841X-Mutant",502.815434646569,1.36458091144563
"861",1,"EFT508",6,"11","R841X-Mutant",320.447656279885,0.869656587181707
"862",1,"EFT508",6,"12","R841X-Mutant",684.604392693659,1.85793438663681
"863",1,"EFT508",6,"15","R841X-Mutant",299.676818587089,0.813287019588286
"864",1,"EFT508",6,"17","R841X-Mutant",246.856666409085,0.66993944822262
"865",1,"EFT508",6,"5","R841X-Mutant",203.406370202836,0.55202054455694
"866",2,"DMSO",9,"1","R841X-Mutant",356.727709417426,0.968116309311199
"867",2,"DMSO",9,"2","R841X-Mutant",297.321280702703,0.806894371686617
"868",2,"DMSO",9,"4","R841X-Mutant",503.935829416975,1.36762152876092
"869",2,"DMSO",9,"8","R841X-Mutant",160.065394050135,0.434398322432895
"870",2,"DMSO",9,"3","R841X-Mutant",258.623511176307,0.701873256636002
"871",2,"DMSO",9,"5","R841X-Mutant",294.263223265022,0.798595169796571
"872",2,"DMSO",9,"9","R841X-Mutant",282.873454313627,0.767684700017982
"873",2,"DMSO",10,"3","R841X-Mutant",130.938948537006,0.35535263523474
"874",2,"DMSO",10,"4","R841X-Mutant",322.165357411215,0.874318222473451
"875",2,"DMSO",10,"6","R841X-Mutant",862.317203382102,2.34022568573995
"876",2,"DMSO",10,"7","R841X-Mutant",683.474086742281,1.85486687156256
"877",2,"DMSO",10,"9a","R841X-Mutant",680.438332270624,1.84662819725303
"878",2,"DMSO",10,"10","R841X-Mutant",329.398053299185,0.893946893486606
"879",2,"DMSO",10,"5","R841X-Mutant",881.959337344448,2.39353208649496
"880",2,"DMSO",10,"8","R841X-Mutant",267.700785538083,0.72650789286339
"881",2,"DMSO",10,"9","R841X-Mutant",752.329451109523,2.04173208967628
"882",2,"DMSO",11,"4","R841X-Mutant",394.388919815941,1.07032432694669
"883",2,"DMSO",11,"2","R841X-Mutant",143.640692936509,0.389823649359052
"884",2,"DMSO",11,"3","R841X-Mutant",115.809322411397,0.314292640680621
"885",2,"DMSO",11,"5","R841X-Mutant",215.494834758334,0.584827190583457
"886",2,"DMSO",11,"7","R841X-Mutant",334.519992460346,0.907847223363748
"887",2,"DMSO",12,"15","R841X-Mutant",405.665538775287,1.10092772118892
"888",2,"DMSO",12,"10","R841X-Mutant",333.395764460871,0.90479620312354
"889",2,"DMSO",12,"13","R841X-Mutant",237.844085353241,0.645480381884879
"890",2,"DMSO",12,"17","R841X-Mutant",103.283839862014,0.280299980122087
"891",2,"DMSO",12,"4","R841X-Mutant",196.586134630249,0.533511241475471
"892",2,"DMSO",12,"5","R841X-Mutant",294.210941016423,0.79845328203114
"893",2,"IGF1",8,"10","R841X-Mutant",1196.25100357509,3.24648205344702
"894",2,"IGF1",8,"3","R841X-Mutant",384.599881156576,1.04375804760134
"895",2,"IGF1",8,"6","R841X-Mutant",325.418822975378,0.883147738631845
"896",2,"IGF1",8,"8","R841X-Mutant",284.364858735757,0.771732193124703
"897",2,"IGF1",8,"4","R841X-Mutant",682.211232177211,1.8514396354145
"898",2,"IGF1",9,"11","R841X-Mutant",925.831335057078,2.51259543757868
"899",2,"IGF1",9,"12","R841X-Mutant",370.25437338147,1.00482605640528
"900",2,"IGF1",9,"2","R841X-Mutant",438.937306813596,1.19122331759804
"901",2,"IGF1",9,"5","R841X-Mutant",208.109782754973,0.564785043307483
"902",2,"IGF1",9,"7","R841X-Mutant",520.308254569772,1.41205433113359
"903",2,"IGF1",9,"10","R841X-Mutant",865.720793932173,2.34946262314277
"904",2,"IGF1",9,"13","R841X-Mutant",805.958288116031,2.18727433488112
"905",2,"IGF1",9,"3","R841X-Mutant",405.359890841151,1.10009822927637
"906",2,"IGF1",10,"10","R841X-Mutant",174.353864020291,0.473175519852749
"907",2,"IGF1",10,"5","R841X-Mutant",444.410184113462,1.20607605158249
"908",2,"IGF1",10,"7","R841X-Mutant",294.876498095794,0.800259524289048
"909",2,"IGF1",10,"9","R841X-Mutant",194.176734203122,0.526972417079203
"910",2,"IGF1",10,"3","R841X-Mutant",686.970098428128,1.86435462886669
"911",2,"IGF1",11,"3","R841X-Mutant",572.371083665945,1.55334661829345
"912",2,"IGF1",11,"5","R841X-Mutant",610.990433148739,1.65815491073123
"913",2,"IGF1",11,"6","R841X-Mutant",669.261806610169,1.81629644424458
"914",2,"IGF1",11,"7","R841X-Mutant",185.995145102713,0.504768563453354
"915",2,"IGF1",11,"8","R841X-Mutant",562.048775076365,1.52533310818055
"916",2,"IGF1",12,"11","R841X-Mutant",447.200490737083,1.21364860980826
"917",2,"IGF1",12,"12","R841X-Mutant",692.422633369229,1.87915215612408
"918",2,"IGF1",12,"3","R841X-Mutant",539.317034314314,1.46364188434287
"919",2,"RAPA",6,"14","R841X-Mutant",511.323403039295,1.38767051940895
"920",2,"RAPA",6,"10","R841X-Mutant",230.462861976109,0.625448625042269
"921",2,"RAPA",6,"12","R841X-Mutant",509.257935472842,1.38206508763383
"922",2,"RAPA",6,"13","R841X-Mutant",258.790529101484,0.702326523295817
"923",2,"RAPA",6,"15","R841X-Mutant",298.026981694071,0.808809559717164
"924",2,"RAPA",6,"16","R841X-Mutant",408.573484696249,1.10881953838831
"925",2,"RAPA",6,"18a","R841X-Mutant",695.297706266114,1.88695475987045
"926",2,"RAPA",6,"18b","R841X-Mutant",639.430321329352,1.7353373634978
"927",2,"RAPA",6,"19","R841X-Mutant",346.448444595814,0.940219614832985
"928",2,"RAPA",6,"2","R841X-Mutant",652.709297638893,1.77137491594143
"929",2,"RAPA",6,"4","R841X-Mutant",451.435990367187,1.22514324888937
"930",2,"RAPA",6,"6","R841X-Mutant",261.822448744163,0.710554790338465
"931",2,"RAPA",6,"7","R841X-Mutant",225.654884926774,0.612400350760866
"932",2,"RAPA",6,"8","R841X-Mutant",822.964710550941,2.23342772999909
"933",2,"RAPA",6,"9b","R841X-Mutant",133.404464277867,0.362043749876464
"934",2,"RAPA",7,"6","R841X-Mutant",634.680969428979,1.72244819085428
"935",2,"RAPA",7,"1","R841X-Mutant",289.882361726182,0.786706035892418
"936",2,"RAPA",7,"2","R841X-Mutant",468.497866500876,1.27144713870899
"937",2,"RAPA",7,"4","R841X-Mutant",410.780485892419,1.11480907549539
"938",2,"RAPA",7,"5b","R841X-Mutant",161.895321049401,0.43936452529875
"939",2,"RAPA",8,"11","R841X-Mutant",706.303399672484,1.91682289458694
"940",2,"RAPA",8,"13","R841X-Mutant",749.102795086604,2.03297533140418
"941",2,"RAPA",8,"15","R841X-Mutant",507.571129447305,1.3774872979616
"942",2,"RAPA",8,"16","R841X-Mutant",554.308957773691,1.50432817034142
"943",2,"RAPA",8,"23","R841X-Mutant",464.396243942451,1.26031582597768
"944",2,"RAPA",8,"24","R841X-Mutant",920.91113695251,2.49924260878427
"945",2,"RAPA",8,"26","R841X-Mutant",636.895627183188,1.72845850694353
"946",2,"RAPA",8,"27","R841X-Mutant",306.424042689238,0.83159817827718
"947",2,"RAPA",8,"28","R841X-Mutant",268.250950112035,0.72800097367205
"948",2,"RAPA",8,"3","R841X-Mutant",416.030234739489,1.12905626556352
"949",2,"RAPA",8,"7","R841X-Mutant",315.141140076359,0.855255337302219
"950",2,"DHPG",5,"10","R841X-Mutant",184.623890361272,0.501047142200216
"951",2,"DHPG",5,"11","R841X-Mutant",289.730000088244,0.786292544642069
"952",2,"DHPG",5,"13","R841X-Mutant",270.558030697544,0.734262114264055
"953",2,"DHPG",5,"3","R841X-Mutant",154.360147633263,0.418914966475398
"954",2,"DHPG",5,"4","R841X-Mutant",326.730138910181,0.886706493137391
"955",2,"DHPG",5,"5","R841X-Mutant",533.996518652386,1.44920264160876
"956",2,"DHPG",5,"8","R841X-Mutant",241.126862974084,0.654389447456964
"957",2,"DHPG",6,"11","R841X-Mutant",165.061117763758,0.447956118691196
"958",2,"DHPG",6,"13","R841X-Mutant",150.366261022217,0.40807603621117
"959",2,"DHPG",6,"15","R841X-Mutant",334.633145859014,0.908154308145258
"960",2,"DHPG",6,"7","R841X-Mutant",186.139850182611,0.505161275721538
"961",2,"DHPG",6,"9","R841X-Mutant",235.215385326664,0.638346404622018
"962",2,"DHPG",6,"12","R841X-Mutant",850.382692956544,2.30783685279648
"963",2,"DHPG",6,"8","R841X-Mutant",256.85128204867,0.697063638888326
"964",2,"DHPG",7,"10","R841X-Mutant",201.875097265418,0.54786485307129
"965",2,"DHPG",7,"13","R841X-Mutant",145.075057934769,0.393716344296007
"966",2,"DHPG",7,"14","R841X-Mutant",300.289436589022,0.814949591525907
"967",2,"DHPG",7,"3","R841X-Mutant",399.302394456156,1.08365890906353
"968",2,"DHPG",7,"5","R841X-Mutant",311.470461307448,0.845293554439238
"969",2,"DHPG",7,"8","R841X-Mutant",344.159848576565,0.934008639141531
"970",2,"DHPG",7,"8b","R841X-Mutant",393.335463109956,1.06746537152693
"971",2,"DHPG",7,"12","R841X-Mutant",247.141591461024,0.670712700713053
"972",2,"DHPG",7,"9","R841X-Mutant",727.594432535914,1.97460420961522
"973",2,"DHPG",8,"1","R841X-Mutant",114.250322624588,0.310061701844143
"974",2,"DHPG",8,"11","R841X-Mutant",235.972708408495,0.640401688827822
"975",2,"DHPG",8,"2","R841X-Mutant",190.752425628539,0.517679253437438
"976",2,"DHPG",8,"7","R841X-Mutant",425.062883410706,1.15356979300764
"977",2,"TG003",5,"10","R841X-Mutant",507.184811348349,1.37643887687654
"978",2,"TG003",5,"13","R841X-Mutant",393.655499501912,1.06833391199195
"979",2,"TG003",5,"2","R841X-Mutant",282.020809017728,0.765370722731595
"980",2,"TG003",5,"4","R841X-Mutant",316.400173762563,0.858672204042335
"981",2,"TG003",5,"11","R841X-Mutant",449.162707464018,1.21897383116224
"982",2,"TG003",5,"5","R841X-Mutant",225.762620874153,0.61269273322795
"983",2,"TG003",6,"1","R841X-Mutant",349.335659158594,0.948055169607446
"984",2,"TG003",6,"10","R841X-Mutant",157.55208547192,0.427577503750559
"985",2,"TG003",6,"16","R841X-Mutant",244.645180105057,0.663937739069596
"986",2,"TG003",6,"18","R841X-Mutant",554.836809502363,1.50576069675845
"987",2,"TG003",6,"3","R841X-Mutant",310.317849910945,0.842165505056489
"988",2,"TG003",6,"11","R841X-Mutant",571.501539528876,1.55098677957462
"989",2,"TG003",6,"15","R841X-Mutant",1042.87579258431,2.83024008713968
"990",2,"TG003",6,"2","R841X-Mutant",599.048913898301,1.62574705667587
"991",2,"TG003",6,"21","R841X-Mutant",480.759422143269,1.30472353322938
"992",2,"TG003",6,"22","R841X-Mutant",1168.90378798434,3.17226498331559
"993",2,"TG003",6,"23","R841X-Mutant",1110.92630979056,3.01492104638455
"994",2,"TG003",6,"24","R841X-Mutant",369.343375004023,1.00235371583941
"995",2,"TG003",7,"10","R841X-Mutant",209.276393609877,0.567951085544842
"996",2,"TG003",7,"12","R841X-Mutant",341.952847380394,0.928019102034442
"997",2,"TG003",7,"8","R841X-Mutant",113.32915306776,0.307561757914745
"998",2,"TG003",7,"9","R841X-Mutant",497.505746992862,1.35017105462992
"999",2,"TG003",8,"8","R841X-Mutant",408.298073994851,1.10807210670654
"1000",2,"TG003",8,"9","R841X-Mutant",427.886987716667,1.16123407409828
"1001",2,"TG003",8,"5","R841X-Mutant",216.001961695585,0.58620347239696
"1002",2,"BDNF",7,"1","R841X-Mutant",472.964151141815,1.2835681006886
"1003",2,"BDNF",7,"11","R841X-Mutant",637.649778814837,1.73050518421311
"1004",2,"BDNF",7,"14","R841X-Mutant",546.171994363838,1.48224542549883
"1005",2,"BDNF",7,"16","R841X-Mutant",1044.98271439114,2.83595802076185
"1006",2,"BDNF",7,"17","R841X-Mutant",200.062070726242,0.542944516031432
"1007",2,"BDNF",7,"2","R841X-Mutant",936.438568698596,2.54138220018201
"1008",2,"BDNF",7,"9","R841X-Mutant",438.357172836323,1.18964890341558
"1009",2,"BDNF",8,"10A","R841X-Mutant",245.343878037927,0.665833921637522
"1010",2,"BDNF",8,"10B","R841X-Mutant",514.63390483355,1.39665482506958
"1011",2,"BDNF",8,"11","R841X-Mutant",383.719509011287,1.04136882296412
"1012",2,"BDNF",8,"15","R841X-Mutant",287.010460279481,0.778912039082284
"1013",2,"BDNF",8,"16","R841X-Mutant",145.606081113623,0.395157477649259
"1014",2,"BDNF",8,"19","R841X-Mutant",438.657411004342,1.19046371387034
"1015",2,"BDNF",8,"2","R841X-Mutant",248.465049061724,0.674304406246699
"1016",2,"BDNF",8,"3","R841X-Mutant",159.168124682598,0.431963240756801
"1017",2,"BDNF",8,"4","R841X-Mutant",134.560247124551,0.365180406195437
"1018",2,"BDNF",8,"5","R841X-Mutant",326.703997785882,0.886635549254678
"1019",2,"BDNF",8,"6","R841X-Mutant",401.91102686736,1.09073842522001
"1020",2,"BDNF",8,"8","R841X-Mutant",379.89964005462,1.03100215578702
"1021",2,"BDNF",9,"1","R841X-Mutant",293.137409821658,0.795539846851396
"1022",2,"BDNF",9,"13","R841X-Mutant",522.901573864897,1.41909228932574
"1023",2,"BDNF",9,"7","R841X-Mutant",646.828446223629,1.75541498903513
"1024",2,"BDNF",11,"11","R841X-Mutant",450.258551504063,1.22194782073362
"1025",2,"BDNF",11,"16","R841X-Mutant",475.148182663867,1.28949530084919
"1026",2,"BDNF",11,"2","R841X-Mutant",339.659766253286,0.921795954297048
"1027",2,"EFT508",7,"10","R841X-Mutant",598.985803641482,1.62557578299206
"1028",2,"EFT508",7,"4A","R841X-Mutant",169.096458615183,0.458907550802467
"1029",2,"EFT508",7,"4B","R841X-Mutant",504.331394467907,1.36869504496695
"1030",2,"EFT508",7,"6","R841X-Mutant",671.688764808954,1.82288291833176
"1031",2,"EFT508",7,"7","R841X-Mutant",527.961991941509,1.43282565834241
"1032",2,"EFT508",7,"8","R841X-Mutant",277.59466495949,0.75335869748932
"1033",2,"EFT508",7,"9A","R841X-Mutant",400.670477747416,1.08737172338044
"1034",2,"EFT508",8,"3","R841X-Mutant",600.843455871217,1.63061722881518
"1035",2,"EFT508",8,"6","R841X-Mutant",750.199952784325,2.03595288608527
"1036",2,"EFT508",8,"7","R841X-Mutant",755.051241866543,2.04911870404023
"1037",2,"EFT508",8,"8","R841X-Mutant",478.17824451404,1.29771852606532
"1038",2,"EFT508",8,"9","R841X-Mutant",494.529281048963,1.34209328228893
"1039",2,"EFT508",9,"1","R841X-Mutant",232.966929890116,0.632244365667891
"1040",2,"EFT508",9,"12","R841X-Mutant",238.195022720744,0.646432783899235
"1041",2,"EFT508",9,"4","R841X-Mutant",314.710196286845,0.854085807433888
"1042",2,"EFT508",9,"5","R841X-Mutant",960.832288019564,2.60758383491893
"1043",2,"EFT508",9,"6","R841X-Mutant",503.606555410739,1.36672791851631
"1044",2,"EFT508",9,"7","R841X-Mutant",223.447883730604,0.60641081365378
"1045",2,"EFT508",9,"8","R841X-Mutant",159.443535383993,0.432710672438558
"1046",2,"EFT508",9,"9","R841X-Mutant",557.957980526159,1.51423118136762
"1047",2,"EFT508",13,"11","R841X-Mutant",437.101310600301,1.18624064361169
"1048",2,"EFT508",13,"12","R841X-Mutant",329.312630197086,0.893715065411157
"1049",2,"EFT508",13,"14","R841X-Mutant",615.955256943871,1.67162884830892
"1050",2,"EFT508",13,"16","R841X-Mutant",357.112445593789,0.96916043724768
"1051",2,"EFT508",13,"17","R841X-Mutant",345.657323831643,0.938072607762299
"1052",3,"DMSO",13,"4","R841X-Mutant",149.730671816178,0.406351123174855
"1053",3,"DMSO",13,"5","R841X-Mutant",169.595923188628,0.460263037877651
"1054",3,"DMSO",13,"7","R841X-Mutant",169.146498309852,0.459043352544925
"1055",3,"DMSO",13,"9","R841X-Mutant",161.055744345026,0.437086014605677
"1056",3,"DMSO",13,"10","R841X-Mutant",341.724297917573,0.927398846145707
"1057",3,"DMSO",13,"2","R841X-Mutant",104.852082974606,0.284556004238476
"1058",3,"DMSO",13,"8","R841X-Mutant",275.97545429863,0.748964353546853
"1059",3,"DMSO",14,"13","R841X-Mutant",501.119376064124,1.35997801144133
"1060",3,"DMSO",14,"11","R841X-Mutant",214.441374106033,0.581968224453869
"1061",3,"DMSO",14,"12","R841X-Mutant",421.570046451311,1.14409065153114
"1062",3,"DMSO",14,"3","R841X-Mutant",357.87425023727,0.971227883875436
"1063",3,"DMSO",14,"4","R841X-Mutant",205.466421678611,0.557611277710178
"1064",3,"DMSO",14,"5","R841X-Mutant",143.787639130464,0.390222443742563
"1065",3,"DMSO",14,"8","R841X-Mutant",209.130102804889,0.567554069808546
"1066",3,"DMSO",14,"9","R841X-Mutant",477.683528566175,1.29637592619164
"1067",3,"DMSO",15,"12","R841X-Mutant",405.782517545729,1.1012451875716
"1068",3,"DMSO",15,"8","R841X-Mutant",278.698819642108,0.756355241150003
"1069",3,"DMSO",15,"1","R841X-Mutant",348.644614183015,0.946179756249683
"1070",3,"DMSO",15,"10","R841X-Mutant",440.927245916764,1.19662377416324
"1071",3,"DMSO",15,"2","R841X-Mutant",505.833626898259,1.37277192399206
"1072",3,"DMSO",15,"3","R841X-Mutant",604.210725021931,1.63975559428718
"1073",3,"DMSO",15,"9","R841X-Mutant",395.263878186447,1.07269885924707
"1074",3,"DMSO",16,"1","R841X-Mutant",226.457487703791,0.614578518640219
"1075",3,"DMSO",16,"2","R841X-Mutant",289.239771702774,0.78496212347564
"1076",3,"DMSO",16,"3","R841X-Mutant",238.863748619264,0.648247625953063
"1077",3,"DMSO",16,"4","R841X-Mutant",430.073256914856,1.16716734704411
"1078",3,"DMSO",16,"5","R841X-Mutant",174.28692374959,0.472993851969642
"1079",3,"DMSO",16,"7","R841X-Mutant",119.560007827117,0.324471552007651
"1080",3,"DMSO",17,"10","R841X-Mutant",391.697103023557,1.0630190583354
"1081",3,"DMSO",17,"13","R841X-Mutant",469.131858833856,1.27316771802294
"1082",3,"DMSO",17,"14","R841X-Mutant",278.219421849916,0.755054212917498
"1083",3,"DMSO",17,"4","R841X-Mutant",193.050918539957,0.523917088109755
"1084",3,"DMSO",17,"8","R841X-Mutant",402.290336989495,1.09176782749471
"1085",3,"DMSO",18,"13","R841X-Mutant",960.708299559906,2.60724734507866
"1086",3,"DMSO",18,"14","R841X-Mutant",635.623509903498,1.72500613289657
"1087",3,"DMSO",18,"15","R841X-Mutant",220.17434655493,0.597526825543963
"1088",3,"DMSO",18,"3","R841X-Mutant",1237.67213177876,3.3588940380095
"1089",3,"DMSO",18,"4","R841X-Mutant",312.944960472518,0.849295168701559
"1090",3,"IGF1",13,"11","R841X-Mutant",416.851981735816,1.13128638856285
"1091",3,"IGF1",13,"14","R841X-Mutant",403.523894627857,1.09511555529002
"1092",3,"IGF1",13,"15","R841X-Mutant",496.428387519074,1.34724722995908
"1093",3,"IGF1",13,"16","R841X-Mutant",139.557554944344,0.378742501528291
"1094",3,"IGF1",13,"18","R841X-Mutant",498.007457597235,1.35153263716423
"1095",3,"IGF1",13,"20","R841X-Mutant",397.002970428687,1.07741854745369
"1096",3,"IGF1",13,"22","R841X-Mutant",191.854340501534,0.52066971852287
"1097",3,"IGF1",13,"4","R841X-Mutant",202.744641402486,0.550224691790117
"1098",3,"IGF1",13,"8b","R841X-Mutant",256.271148071399,0.695489224705871
"1099",3,"IGF1",13,"9","R841X-Mutant",157.704447109857,0.427990995000906
"1100",3,"IGF1",13,"3","R841X-Mutant",443.18363445192,1.20274734259754
"1101",3,"IGF1",13,"8a","R841X-Mutant",128.139402314719,0.347755001844017
"1102",3,"IGF1",14,"10","R841X-Mutant",805.479547185776,2.18597508929329
"1103",3,"IGF1",14,"11","R841X-Mutant",190.419975503273,0.516777023585913
"1104",3,"IGF1",14,"13","R841X-Mutant",381.189299972981,1.03450213845579
"1105",3,"IGF1",14,"14","R841X-Mutant",119.734684761513,0.324945604301838
"1106",3,"IGF1",14,"2","R841X-Mutant",279.924715219117,0.759682175027814
"1107",3,"IGF1",14,"9","R841X-Mutant",132.624171521918,0.35992612872417
"1108",3,"IGF1",15,"12","R841X-Mutant",320.569391685665,0.869986962503401
"1109",3,"IGF1",15,"14","R841X-Mutant",466.944937547017,1.26723267538657
"1110",3,"IGF1",15,"16","R841X-Mutant",602.964377136449,1.63637315529196
"1111",3,"IGF1",15,"2","R841X-Mutant",308.535449603927,0.837328283945285
"1112",3,"IGF1",15,"3","R841X-Mutant",412.299617163939,1.11893181595294
"1113",3,"IGF1",15,"6","R841X-Mutant",495.391168627991,1.34443234202559
"1114",3,"IGF1",15,"8","R841X-Mutant",586.159427137895,1.59076653225354
"1115",3,"RAPA",9,"1","R841X-Mutant",354.185090448308,0.961215945735892
"1116",3,"RAPA",9,"10","R841X-Mutant",416.765901804879,1.13105277793255
"1117",3,"RAPA",9,"11","R841X-Mutant",245.522380800164,0.666318356770584
"1118",3,"RAPA",9,"12","R841X-Mutant",547.146102998107,1.48488903974853
"1119",3,"RAPA",9,"13","R841X-Mutant",500.493040944981,1.3582782128893
"1120",3,"RAPA",9,"16","R841X-Mutant",446.531105378695,1.21183197805927
"1121",3,"RAPA",9,"17","R841X-Mutant",228.408222417877,0.619872579185532
"1122",3,"RAPA",9,"2","R841X-Mutant",592.175469282513,1.60709335061934
"1123",3,"RAPA",9,"5","R841X-Mutant",231.350890679437,0.627858628661647
"1124",3,"RAPA",9,"7","R841X-Mutant",383.622601072129,1.04110582641543
"1125",3,"RAPA",9,"8","R841X-Mutant",493.872037356471,1.34030960156804
"1126",3,"RAPA",9,"9","R841X-Mutant",177.645881248287,0.48210966061283
"1127",3,"RAPA",10,"1","R841X-Mutant",124.111718021334,0.33682434871491
"1128",3,"RAPA",10,"10","R841X-Mutant",347.730447956136,0.943698818519591
"1129",3,"RAPA",10,"11","R841X-Mutant",433.906201311465,1.17756949940031
"1130",3,"RAPA",10,"2","R841X-Mutant",103.129893541639,0.279882188233262
"1131",3,"RAPA",10,"3","R841X-Mutant",754.925021352905,2.0487761566726
"1132",3,"RAPA",10,"4","R841X-Mutant",281.485300731016,0.763917417332404
"1133",3,"RAPA",10,"5","R841X-Mutant",448.500978663667,1.21717797839542
"1134",3,"RAPA",10,"6","R841X-Mutant",340.0505694601,0.922856547428054
"1135",3,"RAPA",10,"7","R841X-Mutant",923.576536720169,2.50647618475211
"1136",3,"RAPA",10,"8","R841X-Mutant",386.246546599413,1.04822690053624
"1137",3,"RAPA",10,"9","R841X-Mutant",305.614437358808,0.829401006305946
"1138",3,"RAPA",11,"12","R841X-Mutant",446.672639008412,1.21221608339123
"1139",3,"RAPA",11,"13","R841X-Mutant",400.707446879936,1.08747205318154
"1140",3,"RAPA",11,"9","R841X-Mutant",321.683720291971,0.873011116975334
"1141",3,"RAPA",12,"10","R841X-Mutant",632.501423014787,1.71653316273963
"1142",3,"RAPA",12,"12","R841X-Mutant",700.082713641331,1.89994069720536
"1143",3,"RAPA",12,"13","R841X-Mutant",623.879919909145,1.69313543515357
"1144",3,"RAPA",12,"9","R841X-Mutant",429.424603554447,1.16540697945638
"1145",3,"DHPG",9,"1","R841X-Mutant",203.461823901616,0.552171039258594
"1146",3,"DHPG",9,"10","R841X-Mutant",476.356247759149,1.29277384493359
"1147",3,"DHPG",9,"12","R841X-Mutant",136.20559890971,0.369645694020619
"1148",3,"DHPG",9,"13","R841X-Mutant",234.568969642393,0.636592109819522
"1149",3,"DHPG",9,"14","R841X-Mutant",161.802898218101,0.439113700795993
"1150",3,"DHPG",9,"3","R841X-Mutant",115.606921078789,0.313743347687812
"1151",3,"DHPG",9,"8","R841X-Mutant",311.878435422844,0.846400747361079
"1152",3,"DHPG",9,"9","R841X-Mutant",457.909117425619,1.24271054100622
"1153",3,"DHPG",9,"11","R841X-Mutant",154.906483928196,0.420397657792978
"1154",3,"DHPG",9,"4","R841X-Mutant",521.18862671506,1.4144435557708
"1155",3,"DHPG",9,"6","R841X-Mutant",364.038172458175,0.987956031069636
"1156",3,"DHPG",11,"10","R841X-Mutant",535.780232617082,1.45404342782968
"1157",3,"DHPG",11,"12","R841X-Mutant",423.160605490411,1.14840723840125
"1158",3,"DHPG",11,"15","R841X-Mutant",125.94322912677,0.34179485065532
"1159",3,"DHPG",11,"16","R841X-Mutant",324.184616755796,0.879798250664729
"1160",3,"DHPG",11,"4","R841X-Mutant",398.726745586744,1.08209666692701
"1161",3,"DHPG",11,"7","R841X-Mutant",340.797064533711,0.924882445715472
"1162",3,"DHPG",11,"2","R841X-Mutant",988.873716435326,2.68368491557234
"1163",3,"DHPG",11,"5","R841X-Mutant",370.057386052973,1.00429145637166
"1164",3,"DHPG",12,"1","R841X-Mutant",252.986787401443,0.686575862927955
"1165",3,"DHPG",12,"10","R841X-Mutant",290.239367250657,0.787674906158546
"1166",3,"DHPG",12,"11","R841X-Mutant",150.1061634369,0.407370162493737
"1167",3,"DHPG",12,"4","R841X-Mutant",592.706492461368,1.6085344839726
"1168",3,"DHPG",12,"5","R841X-Mutant",199.481936748971,0.541370101848977
"1169",3,"DHPG",12,"8","R841X-Mutant",146.241668789673,0.396882386533366
"1170",3,"TG003",9,"1","R841X-Mutant",421.255156119935,1.14323607685863
"1171",3,"TG003",9,"11","R841X-Mutant",583.045912672139,1.58231682662653
"1172",3,"TG003",9,"12","R841X-Mutant",349.131015272058,0.947499790591669
"1173",3,"TG003",9,"15","R841X-Mutant",352.401376483612,0.956375159514972
"1174",3,"TG003",9,"16","R841X-Mutant",362.406820131416,0.983528736099062
"1175",3,"TG003",9,"18","R841X-Mutant",218.424434786513,0.592777774438214
"1176",3,"TG003",9,"19","R841X-Mutant",168.988722667804,0.458615168335383
"1177",3,"TG003",9,"2","R841X-Mutant",308.783405523346,0.838001206634615
"1178",3,"TG003",9,"7","R841X-Mutant",856.301827162004,2.32390067461359
"1179",3,"TG003",10,"13","R841X-Mutant",308.081536140295,0.836096417130465
"1180",3,"TG003",10,"15","R841X-Mutant",570.44714972921,1.54812529185029
"1181",3,"TG003",10,"18","R841X-Mutant",598.774816854585,1.62500319010383
"1182",3,"TG003",10,"4","R841X-Mutant",374.289714232894,1.01577748851655
"1183",3,"TG003",10,"5","R841X-Mutant",232.60675291546,0.631266888465539
"1184",3,"TG003",10,"9","R841X-Mutant",403.35621987384,1.09466050607535
"1185",3,"TG003",11,"11a","R841X-Mutant",525.410126886762,1.4259002019973
"1186",3,"TG003",11,"11b","R841X-Mutant",704.081085360235,1.91079179951553
"1187",3,"TG003",11,"12","R841X-Mutant",424.772159593231,1.15278080336155
"1188",3,"TG003",11,"13","R841X-Mutant",636.059880728459,1.72619039108958
"1189",3,"TG003",11,"3","R841X-Mutant",470.931167600024,1.27805082666863
"1190",3,"TG003",11,"4","R841X-Mutant",407.425358407605,1.1057036610515
"1191",3,"TG003",11,"5","R841X-Mutant",524.737570078191,1.42407496331209
"1192",3,"TG003",11,"6","R841X-Mutant",219.501794260298,0.595701599109041
"1193",3,"TG003",11,"9","R841X-Mutant",409.026084502204,1.11004784009341
"1194",3,"BDNF",12,"1","R841X-Mutant",610.247097014233,1.65613758542648
"1195",3,"BDNF",12,"10","R841X-Mutant",336.498447748012,0.913216514228091
"1196",3,"BDNF",12,"12","R841X-Mutant",675.742576372799,1.83388447774592
"1197",3,"BDNF",12,"13","R841X-Mutant",809.799796486903,2.19769972883851
"1198",3,"BDNF",12,"2","R841X-Mutant",329.334279461627,0.893773818924084
"1199",3,"BDNF",12,"3","R841X-Mutant",753.331936371793,2.04445271469818
"1200",3,"BDNF",12,"4","R841X-Mutant",687.516420627834,1.86583728193151
"1201",3,"BDNF",12,"11","R841X-Mutant",284.587987188554,0.772337737041033
"1202",3,"BDNF",13,"12","R841X-Mutant",248.155835590384,0.67346523789291
"1203",3,"BDNF",13,"7","R841X-Mutant",231.555529818702,0.628413994793898
"1204",3,"BDNF",13,"11","R841X-Mutant",465.696731869033,1.26384519456484
"1205",3,"BDNF",13,"8","R841X-Mutant",363.473351596982,0.986423174851505
"1206",3,"BDNF",13,"9","R841X-Mutant",590.625711778834,1.60288749423314
"1207",3,"BDNF",14,"1","R841X-Mutant",360.225952674317,0.977610122832064
"1208",3,"BDNF",14,"11","R841X-Mutant",256.181891438127,0.695246992885624
"1209",3,"BDNF",14,"12","R841X-Mutant",215.084616008186,0.583713905991542
"1210",3,"BDNF",14,"3","R841X-Mutant",508.522257981902,1.3800685469711
"1211",3,"BDNF",14,"6","R841X-Mutant",301.862157578144,0.819217768063276
"1212",3,"BDNF",14,"9","R841X-Mutant",485.122445998874,1.31656425779609
"1213",3,"BDNF",14,"7","R841X-Mutant",258.979859871942,0.702840344347269
"1214",3,"BDNF",15,"10","R841X-Mutant",557.389988214788,1.51268971821328
"1215",3,"BDNF",15,"14","R841X-Mutant",387.1792009933,1.05075801293888
"1216",3,"BDNF",15,"4","R841X-Mutant",622.683996479761,1.68988984209727
"1217",3,"BDNF",15,"5","R841X-Mutant",484.98092231497,1.31618017945587
"1218",3,"BDNF",15,"6","R841X-Mutant",395.925610954901,1.07449472278286
"1219",3,"EFT508",14,"1","R841X-Mutant",232.617576154634,0.631296261441305
"1220",3,"EFT508",14,"10","R841X-Mutant",438.424759212569,1.18983232475181
"1221",3,"EFT508",14,"11","R841X-Mutant",197.73201641278,0.536621027491315
"1222",3,"EFT508",14,"12","R841X-Mutant",542.147470405714,1.47132334914139
"1223",3,"EFT508",14,"5","R841X-Mutant",101.650900768807,0.275868378857281
"1224",3,"EFT508",14,"7","R841X-Mutant",281.611515471152,0.764259949031444
"1225",3,"EFT508",14,"7b","R841X-Mutant",246.636704350008,0.669342497519884
"1226",3,"EFT508",14,"8","R841X-Mutant",430.217029156132,1.16755752769991
"1227",3,"EFT508",14,"9","R841X-Mutant",242.865946269065,0.659109111381786
"1228",3,"EFT508",15,"1","R841X-Mutant",573.848748932235,1.55735682497555
"1229",3,"EFT508",15,"10","R841X-Mutant",295.470625473829,0.801871914886413
"1230",3,"EFT508",15,"3","R841X-Mutant",213.382496901466,0.579094558449696
"1231",3,"EFT508",15,"4","R841X-Mutant",501.522592995981,1.3610722939364
"1232",3,"EFT508",15,"6","R841X-Mutant",178.095305952811,0.483329345472656
"1233",3,"EFT508",15,"7","R841X-Mutant",150.986532486714,0.409759378730204
"1234",3,"EFT508",15,"8","R841X-Mutant",158.466252050726,0.430058442435739
"1235",3,"EFT508",15,"9","R841X-Mutant",311.050339149107,0.844153393182751
"1236",3,"EFT508",16,"1","R841X-Mutant",437.332086645106,1.18686694217745
"1237",3,"EFT508",16,"3","R841X-Mutant",195.866707663247,0.531558802789811
"1238",3,"EFT508",16,"5","R841X-Mutant",176.550033588672,0.479135661218372
"1239",3,"EFT508",16,"7","R841X-Mutant",300.958815777256,0.81676620652983
"1240",3,"EFT508",16,"9","R841X-Mutant",323.122563773541,0.876915965979996
"1241",3,"EFT508",18,"12","R841X-Mutant",284.84042237613,0.773022815928052
"1242",3,"EFT508",18,"2","R841X-Mutant",546.179639724292,1.48226617409209
"1243",3,"EFT508",18,"4","R841X-Mutant",507.504837335614,1.37730738910448
"1244",3,"EFT508",18,"7","R841X-Mutant",778.006095130979,2.11141542850674
"1245",3,"EFT508",18,"9","R841X-Mutant",780.176127150137,2.11730463569198
"1246",3,"EFT508",18,"5","R841X-Mutant",217.993490996998,0.591608244569881
